INSERT INTO camara VALUES
(DEFAULT), (DEFAULT), (DEFAULT), (DEFAULT), (DEFAULT),(DEFAULT), (DEFAULT), (DEFAULT), (DEFAULT), (DEFAULT),
(DEFAULT), (DEFAULT), (DEFAULT), (DEFAULT), (DEFAULT),(DEFAULT), (DEFAULT), (DEFAULT), (DEFAULT), (DEFAULT),
(DEFAULT), (DEFAULT), (DEFAULT), (DEFAULT), (DEFAULT),(DEFAULT), (DEFAULT), (DEFAULT), (DEFAULT), (DEFAULT),
(DEFAULT), (DEFAULT), (DEFAULT), (DEFAULT), (DEFAULT),(DEFAULT), (DEFAULT), (DEFAULT), (DEFAULT), (DEFAULT),
(DEFAULT), (DEFAULT), (DEFAULT), (DEFAULT), (DEFAULT),(DEFAULT), (DEFAULT), (DEFAULT), (DEFAULT), (DEFAULT),
(DEFAULT), (DEFAULT), (DEFAULT), (DEFAULT), (DEFAULT),(DEFAULT), (DEFAULT), (DEFAULT), (DEFAULT), (DEFAULT),
(DEFAULT), (DEFAULT), (DEFAULT), (DEFAULT), (DEFAULT),(DEFAULT), (DEFAULT), (DEFAULT), (DEFAULT), (DEFAULT),
(DEFAULT), (DEFAULT), (DEFAULT), (DEFAULT), (DEFAULT),(DEFAULT), (DEFAULT), (DEFAULT), (DEFAULT), (DEFAULT),
(DEFAULT), (DEFAULT), (DEFAULT), (DEFAULT), (DEFAULT),(DEFAULT), (DEFAULT), (DEFAULT), (DEFAULT), (DEFAULT),
(DEFAULT), (DEFAULT), (DEFAULT), (DEFAULT), (DEFAULT),(DEFAULT), (DEFAULT), (DEFAULT), (DEFAULT), (DEFAULT);

INSERT INTO video (dataHoraInicio, dataHoraFim, numCamara)
VALUES  ('2016-10-19 23:38:32', '2016-10-20 05:38:32', 1),
('2017-05-25 18:21:39', '2017-05-25 23:21:39', 2),
('2016-11-11 08:15:33', '2016-11-11 14:15:33', 3),
('2018-04-07 09:57:41', '2018-04-07 19:57:41', 4),
('2018-04-23 18:44:05', '2018-04-24 04:44:05', 5),
('2017-12-28 21:20:06', '2017-12-29 07:20:06', 6),
('2018-04-01 14:28:22', '2018-04-01 19:28:22', 7),
('2017-02-22 10:59:40', '2017-02-22 19:59:40', 8),
('2018-02-13 20:12:56', '2018-02-14 06:12:56', 9),
('2018-05-09 02:32:12', '2018-05-09 07:32:12', 10),
('2016-08-26 22:03:15', '2016-08-27 08:03:15', 11),
('2018-11-04 12:27:44', '2018-11-04 15:27:44', 12),
('2016-03-11 08:48:56', '2016-03-11 13:48:56', 13),
('2018-07-10 11:35:13', '2018-07-10 17:35:13', 14),
('2016-02-28 22:31:41', '2016-02-29 08:31:41', 15),
('2016-07-17 00:35:02', '2016-07-17 10:35:02', 16),
('2017-04-03 16:22:35', '2017-04-03 20:22:35', 17),
('2018-01-21 04:41:47', '2018-01-21 10:41:47', 18),
('2017-11-03 11:22:02', '2017-11-03 17:22:02', 19),
('2016-01-20 10:31:10', '2016-01-20 18:31:10', 20),
('2018-11-01 21:49:15', '2018-11-02 03:49:15', 21),
('2016-12-28 16:13:45', '2016-12-28 22:13:45', 22),
('2018-11-06 02:50:40', '2018-11-06 06:50:40', 23),
('2016-09-05 23:56:19', '2016-09-06 03:56:19', 24),
('2017-08-22 23:00:40', '2017-08-23 08:00:40', 25),
('2018-05-18 04:49:09', '2018-05-18 12:49:09', 26),
('2016-04-04 06:44:06', '2016-04-04 09:44:06', 27),
('2017-03-30 08:54:14', '2017-03-30 18:54:14', 28),
('2016-01-08 07:49:18', '2016-01-08 10:49:18', 29),
('2018-10-19 19:09:03', '2018-10-20 03:09:03', 30),
('2017-11-09 06:31:23', '2017-11-09 10:31:23', 31),
('2016-02-20 21:35:39', '2016-02-21 07:35:39', 32),
('2016-09-08 03:54:54', '2016-09-08 13:54:54', 33),
('2017-12-26 19:42:53', '2017-12-27 03:42:53', 34),
('2016-04-25 18:08:45', '2016-04-26 01:08:45', 35),
('2016-05-03 14:47:15', '2016-05-03 17:47:15', 36),
('2016-04-09 21:09:00', '2016-04-10 01:09:00', 37),
('2018-03-12 01:43:00', '2018-03-12 06:43:00', 38),
('2016-01-21 09:43:39', '2016-01-21 14:43:39', 39),
('2018-08-14 18:13:08', '2018-08-15 01:13:08', 40),
('2017-09-27 05:32:41', '2017-09-27 08:32:41', 41),
('2018-02-14 11:33:28', '2018-02-14 18:33:28', 42),
('2017-02-26 18:07:56', '2017-02-27 02:07:56', 43),
('2016-04-10 05:02:59', '2016-04-10 08:02:59', 44),
('2017-02-26 02:20:44', '2017-02-26 12:20:44', 45),
('2016-03-29 12:32:43', '2016-03-29 15:32:43', 46),
('2017-10-05 14:10:41', '2017-10-05 23:10:41', 47),
('2017-02-16 06:42:49', '2017-02-16 10:42:49', 48),
('2018-11-03 09:22:35', '2018-11-03 14:22:35', 49),
('2018-06-20 11:05:35', '2018-06-20 15:05:35', 50),
('2016-04-28 05:19:29', '2016-04-28 12:19:29', 51),
('2018-07-31 10:39:44', '2018-07-31 16:39:44', 52),
('2016-03-30 16:01:39', '2016-03-30 21:01:39', 53),
('2017-10-21 17:12:22', '2017-10-22 02:12:22', 54),
('2017-03-28 16:56:51', '2017-03-28 19:56:51', 55),
('2018-08-17 13:28:56', '2018-08-17 16:28:56', 56),
('2017-04-30 15:07:37', '2017-04-30 19:07:37', 57),
('2017-08-12 18:01:52', '2017-08-13 02:01:52', 58),
('2016-09-10 17:55:14', '2016-09-11 00:55:14', 59),
('2018-11-01 03:16:11', '2018-11-01 08:16:11', 60),
('2017-09-10 22:19:18', '2017-09-11 01:19:18', 61),
('2018-05-03 05:30:09', '2018-05-03 12:30:09', 62),
('2017-07-21 11:22:21', '2017-07-21 20:22:21', 63),
('2017-04-11 21:07:39', '2017-04-12 05:07:39', 64),
('2017-02-23 22:46:12', '2017-02-24 03:46:12', 65),
('2016-08-17 21:39:51', '2016-08-18 06:39:51', 66),
('2016-03-12 13:38:58', '2016-03-12 16:38:58', 67),
('2017-01-23 14:59:11', '2017-01-23 19:59:11', 68),
('2018-04-19 07:08:56', '2018-04-19 17:08:56', 69),
('2017-09-09 10:24:56', '2017-09-09 14:24:56', 70),
('2017-09-13 18:23:58', '2017-09-13 22:23:58', 71),
('2016-04-16 21:59:16', '2016-04-17 01:59:16', 72),
('2016-01-26 15:28:09', '2016-01-26 18:28:09', 73),
('2016-04-06 19:39:26', '2016-04-06 22:39:26', 74),
('2018-03-29 15:19:20', '2018-03-29 18:19:20', 75),
('2017-02-02 08:02:49', '2017-02-02 14:02:49', 76),
('2017-08-05 05:56:36', '2017-08-05 12:56:36', 77),
('2016-07-18 20:16:52', '2016-07-19 06:16:52', 78),
('2016-04-21 04:53:54', '2016-04-21 09:53:54', 79),
('2017-01-13 14:47:20', '2017-01-13 17:47:20', 80),
('2018-02-07 14:45:08', '2018-02-07 20:45:08', 81),
('2018-02-19 08:41:08', '2018-02-19 15:41:08', 82),
('2017-01-01 21:42:03', '2017-01-02 02:42:03', 83),
('2018-08-17 02:42:04', '2018-08-17 10:42:04', 84),
('2018-07-27 13:24:02', '2018-07-27 21:24:02', 85),
('2016-03-24 09:56:52', '2016-03-24 15:56:52', 86),
('2017-11-11 07:53:45', '2017-11-11 14:53:45', 87),
('2016-07-09 10:11:40', '2016-07-09 18:11:40', 88),
('2017-09-17 12:31:01', '2017-09-17 22:31:01', 89),
('2018-04-23 04:43:01', '2018-04-23 14:43:01', 90),
('2017-05-20 11:17:18', '2017-05-20 15:17:18', 91),
('2016-09-19 13:05:49', '2016-09-19 17:05:49', 92),
('2016-08-04 18:37:44', '2016-08-05 02:37:44', 93),
('2017-04-01 14:31:41', '2017-04-01 21:31:41', 94),
('2018-05-20 04:25:16', '2018-05-20 11:25:16', 95),
('2018-04-29 20:36:30', '2018-04-29 23:36:30', 96),
('2018-02-28 13:43:45', '2018-02-28 23:43:45', 97),
('2016-09-18 16:19:20', '2016-09-19 01:19:20', 98),
('2017-07-17 10:33:12', '2017-07-17 15:33:12', 99),
('2018-03-02 03:39:30', '2018-03-02 06:39:30', 100),
('2017-09-16 19:37:55', '2017-09-16 21:37:55', 68),
('2018-09-21 05:16:57', '2018-09-21 09:16:57', 72),
('2016-11-28 06:05:07', '2016-11-28 07:05:07', 36),
('2017-01-30 08:46:36', '2017-01-30 10:46:36', 67),
('2017-05-12 23:53:20', '2017-05-13 09:53:20', 74),
('2017-08-18 07:08:54', '2017-08-18 14:08:54', 41),
('2017-02-08 21:59:21', '2017-02-09 07:59:21', 49),
('2018-10-16 10:40:00', '2018-10-16 14:40:00', 8),
('2017-03-25 13:55:52', '2017-03-25 19:55:52', 65),
('2018-08-13 19:05:45', '2018-08-13 21:05:45', 91),
('2017-05-15 13:35:50', '2017-05-15 19:35:50', 3),
('2017-06-14 14:18:58', '2017-06-14 22:18:58', 36),
('2016-03-06 15:02:40', '2016-03-06 23:02:40', 13),
('2017-08-26 03:12:50', '2017-08-26 13:12:50', 35),
('2018-03-17 03:01:47', '2018-03-17 09:01:47', 32),
('2018-04-02 23:31:15', '2018-04-03 04:31:15', 6),
('2017-08-30 18:54:52', '2017-08-30 22:54:52', 59),
('2017-04-13 12:49:49', '2017-04-13 22:49:49', 4),
('2017-02-19 09:28:18', '2017-02-19 18:28:18', 7),
('2018-08-07 09:12:33', '2018-08-07 17:12:33', 3),
('2018-01-01 02:06:20', '2018-01-01 05:06:20', 59),
('2017-07-19 00:35:30', '2017-07-19 08:35:30', 52),
('2017-10-03 12:19:44', '2017-10-03 14:19:44', 44),
('2016-01-14 09:14:29', '2016-01-14 17:14:29', 78),
('2017-11-01 19:51:58', '2017-11-01 22:51:58', 58),
('2017-10-09 12:42:01', '2017-10-09 18:42:01', 59),
('2017-10-20 11:24:29', '2017-10-20 18:24:29', 74),
('2016-06-02 04:07:24', '2016-06-02 10:07:24', 67),
('2018-06-02 10:15:10', '2018-06-02 11:15:10', 61),
('2017-01-17 02:15:00', '2017-01-17 06:15:00', 93),
('2017-12-01 00:37:30', '2017-12-01 02:37:30', 15),
('2017-10-02 03:36:12', '2017-10-02 06:36:12', 54),
('2017-05-22 18:32:31', '2017-05-22 23:32:31', 81),
('2016-04-23 11:15:49', '2016-04-23 13:15:49', 25),
('2018-02-27 19:30:24', '2018-02-27 21:30:24', 99),
('2016-01-29 16:46:40', '2016-01-30 00:46:40', 34),
('2016-04-24 12:01:14', '2016-04-24 14:01:14', 68),
('2016-06-30 16:53:55', '2016-06-30 19:53:55', 55),
('2017-06-25 22:10:52', '2017-06-26 00:10:52', 70),
('2017-07-10 22:03:30', '2017-07-11 05:03:30', 49),
('2018-07-17 18:24:19', '2018-07-18 01:24:19', 97),
('2016-06-10 02:42:56', '2016-06-10 12:42:56', 95),
('2018-09-19 11:19:44', '2018-09-19 20:19:44', 83),
('2018-11-08 02:12:17', '2018-11-08 03:12:17', 72),
('2017-11-28 18:43:29', '2017-11-29 04:43:29', 48),
('2016-11-03 04:09:28', '2016-11-03 06:09:28', 61),
('2017-03-01 04:54:40', '2017-03-01 12:54:40', 98),
('2017-12-05 12:09:30', '2017-12-05 22:09:30', 94),
('2017-02-17 21:20:38', '2017-02-18 07:20:38', 72),
('2018-04-03 22:05:07', '2018-04-04 05:05:07', 36);

INSERT INTO SegmentoVideo
VALUES  (1, '10800 seconds', '2016-10-19 23:38:32', 1),
(2, '10800 seconds', '2016-10-19 23:38:32', 1),
(1, '6000 seconds', '2017-05-25 18:21:39', 2),
(2, '6000 seconds', '2017-05-25 18:21:39', 2),
(3, '6000 seconds', '2017-05-25 18:21:39', 2),
(1, '7200 seconds', '2016-11-11 08:15:33', 3),
(2, '7200 seconds', '2016-11-11 08:15:33', 3),
(3, '7200 seconds', '2016-11-11 08:15:33', 3),
(1, '12000 seconds', '2018-04-07 09:57:41', 4),
(2, '12000 seconds', '2018-04-07 09:57:41', 4),
(3, '12000 seconds', '2018-04-07 09:57:41', 4),
(1, '18000 seconds', '2018-04-23 18:44:05', 5),
(2, '18000 seconds', '2018-04-23 18:44:05', 5),
(1, '18000 seconds', '2017-12-28 21:20:06', 6),
(2, '18000 seconds', '2017-12-28 21:20:06', 6),
(1, '9000 seconds', '2018-04-01 14:28:22', 7),
(2, '9000 seconds', '2018-04-01 14:28:22', 7),
(1, '16200 seconds', '2017-02-22 10:59:40', 8),
(2, '16200 seconds', '2017-02-22 10:59:40', 8),
(1, '12000 seconds', '2018-02-13 20:12:56', 9),
(2, '12000 seconds', '2018-02-13 20:12:56', 9),
(3, '12000 seconds', '2018-02-13 20:12:56', 9),
(1, '6000 seconds', '2018-05-09 02:32:12', 10),
(2, '6000 seconds', '2018-05-09 02:32:12', 10),
(3, '6000 seconds', '2018-05-09 02:32:12', 10),
(1, '12000 seconds', '2016-08-26 22:03:15', 11),
(2, '12000 seconds', '2016-08-26 22:03:15', 11),
(3, '12000 seconds', '2016-08-26 22:03:15', 11),
(1, '10800 seconds', '2018-11-04 12:27:44', 12),
(1, '9000 seconds', '2016-03-11 08:48:56', 13),
(2, '9000 seconds', '2016-03-11 08:48:56', 13),
(1, '7200 seconds', '2018-07-10 11:35:13', 14),
(2, '7200 seconds', '2018-07-10 11:35:13', 14),
(3, '7200 seconds', '2018-07-10 11:35:13', 14),
(1, '12000 seconds', '2016-02-28 22:31:41', 15),
(2, '12000 seconds', '2016-02-28 22:31:41', 15),
(3, '12000 seconds', '2016-02-28 22:31:41', 15),
(1, '18000 seconds', '2016-07-17 00:35:02', 16),
(2, '18000 seconds', '2016-07-17 00:35:02', 16),
(1, '7200 seconds', '2017-04-03 16:22:35', 17),
(2, '7200 seconds', '2017-04-03 16:22:35', 17),
(1, '7200 seconds', '2018-01-21 04:41:47', 18),
(2, '7200 seconds', '2018-01-21 04:41:47', 18),
(3, '7200 seconds', '2018-01-21 04:41:47', 18),
(1, '7200 seconds', '2017-11-03 11:22:02', 19),
(2, '7200 seconds', '2017-11-03 11:22:02', 19),
(3, '7200 seconds', '2017-11-03 11:22:02', 19),
(1, '9600 seconds', '2016-01-20 10:31:10', 20),
(2, '9600 seconds', '2016-01-20 10:31:10', 20),
(3, '9600 seconds', '2016-01-20 10:31:10', 20),
(1, '21600 seconds', '2018-11-01 21:49:15', 21),
(1, '10800 seconds', '2016-12-28 16:13:45', 22),
(2, '10800 seconds', '2016-12-28 16:13:45', 22),
(1, '4800 seconds', '2018-11-06 02:50:40', 23),
(2, '4800 seconds', '2018-11-06 02:50:40', 23),
(3, '4800 seconds', '2018-11-06 02:50:40', 23),
(1, '7200 seconds', '2016-09-05 23:56:19', 24),
(2, '7200 seconds', '2016-09-05 23:56:19', 24),
(1, '10800 seconds', '2017-08-22 23:00:40', 25),
(2, '10800 seconds', '2017-08-22 23:00:40', 25),
(3, '10800 seconds', '2017-08-22 23:00:40', 25),
(1, '14400 seconds', '2018-05-18 04:49:09', 26),
(2, '14400 seconds', '2018-05-18 04:49:09', 26),
(1, '3600 seconds', '2016-04-04 06:44:06', 27),
(2, '3600 seconds', '2016-04-04 06:44:06', 27),
(3, '3600 seconds', '2016-04-04 06:44:06', 27),
(1, '18000 seconds', '2017-03-30 08:54:14', 28),
(2, '18000 seconds', '2017-03-30 08:54:14', 28),
(1, '3600 seconds', '2016-01-08 07:49:18', 29),
(2, '3600 seconds', '2016-01-08 07:49:18', 29),
(3, '3600 seconds', '2016-01-08 07:49:18', 29),
(1, '9600 seconds', '2018-10-19 19:09:03', 30),
(2, '9600 seconds', '2018-10-19 19:09:03', 30),
(3, '9600 seconds', '2018-10-19 19:09:03', 30),
(1, '4800 seconds', '2017-11-09 06:31:23', 31),
(2, '4800 seconds', '2017-11-09 06:31:23', 31),
(3, '4800 seconds', '2017-11-09 06:31:23', 31),
(1, '36000 seconds', '2016-02-20 21:35:39', 32),
(1, '12000 seconds', '2016-09-08 03:54:54', 33),
(2, '12000 seconds', '2016-09-08 03:54:54', 33),
(3, '12000 seconds', '2016-09-08 03:54:54', 33),
(1, '9600 seconds', '2017-12-26 19:42:53', 34),
(2, '9600 seconds', '2017-12-26 19:42:53', 34),
(3, '9600 seconds', '2017-12-26 19:42:53', 34),
(1, '8400 seconds', '2016-04-25 18:08:45', 35),
(2, '8400 seconds', '2016-04-25 18:08:45', 35),
(3, '8400 seconds', '2016-04-25 18:08:45', 35),
(1, '10800 seconds', '2016-05-03 14:47:15', 36),
(1, '14400 seconds', '2016-04-09 21:09:00', 37),
(1, '6000 seconds', '2018-03-12 01:43:00', 38),
(2, '6000 seconds', '2018-03-12 01:43:00', 38),
(3, '6000 seconds', '2018-03-12 01:43:00', 38),
(1, '6000 seconds', '2016-01-21 09:43:39', 39),
(2, '6000 seconds', '2016-01-21 09:43:39', 39),
(3, '6000 seconds', '2016-01-21 09:43:39', 39),
(1, '25200 seconds', '2018-08-14 18:13:08', 40),
(1, '10800 seconds', '2017-09-27 05:32:41', 41),
(1, '8400 seconds', '2018-02-14 11:33:28', 42),
(2, '8400 seconds', '2018-02-14 11:33:28', 42),
(3, '8400 seconds', '2018-02-14 11:33:28', 42),
(1, '9600 seconds', '2017-02-26 18:07:56', 43),
(2, '9600 seconds', '2017-02-26 18:07:56', 43),
(3, '9600 seconds', '2017-02-26 18:07:56', 43),
(1, '10800 seconds', '2016-04-10 05:02:59', 44),
(1, '36000 seconds', '2017-02-26 02:20:44', 45),
(1, '3600 seconds', '2016-03-29 12:32:43', 46),
(2, '3600 seconds', '2016-03-29 12:32:43', 46),
(3, '3600 seconds', '2016-03-29 12:32:43', 46),
(1, '16200 seconds', '2017-10-05 14:10:41', 47),
(2, '16200 seconds', '2017-10-05 14:10:41', 47),
(1, '7200 seconds', '2017-02-16 06:42:49', 48),
(2, '7200 seconds', '2017-02-16 06:42:49', 48),
(1, '6000 seconds', '2018-11-03 09:22:35', 49),
(2, '6000 seconds', '2018-11-03 09:22:35', 49),
(3, '6000 seconds', '2018-11-03 09:22:35', 49),
(1, '7200 seconds', '2018-06-20 11:05:35', 50),
(2, '7200 seconds', '2018-06-20 11:05:35', 50),
(1, '25200 seconds', '2016-04-28 05:19:29', 51),
(1, '21600 seconds', '2018-07-31 10:39:44', 52),
(1, '18000 seconds', '2016-03-30 16:01:39', 53),
(1, '32400 seconds', '2017-10-21 17:12:22', 54),
(1, '10800 seconds', '2017-03-28 16:56:51', 55),
(1, '10800 seconds', '2018-08-17 13:28:56', 56),
(1, '7200 seconds', '2017-04-30 15:07:37', 57),
(2, '7200 seconds', '2017-04-30 15:07:37', 57),
(1, '28800 seconds', '2017-08-12 18:01:52', 58),
(1, '12600 seconds', '2016-09-10 17:55:14', 59),
(2, '12600 seconds', '2016-09-10 17:55:14', 59),
(1, '6000 seconds', '2018-11-01 03:16:11', 60),
(2, '6000 seconds', '2018-11-01 03:16:11', 60),
(3, '6000 seconds', '2018-11-01 03:16:11', 60),
(1, '5400 seconds', '2017-09-10 22:19:18', 61),
(2, '5400 seconds', '2017-09-10 22:19:18', 61),
(1, '8400 seconds', '2018-05-03 05:30:09', 62),
(2, '8400 seconds', '2018-05-03 05:30:09', 62),
(3, '8400 seconds', '2018-05-03 05:30:09', 62),
(1, '10800 seconds', '2017-07-21 11:22:21', 63),
(2, '10800 seconds', '2017-07-21 11:22:21', 63),
(3, '10800 seconds', '2017-07-21 11:22:21', 63),
(1, '9600 seconds', '2017-04-11 21:07:39', 64),
(2, '9600 seconds', '2017-04-11 21:07:39', 64),
(3, '9600 seconds', '2017-04-11 21:07:39', 64),
(1, '18000 seconds', '2017-02-23 22:46:12', 65),
(1, '16200 seconds', '2016-08-17 21:39:51', 66),
(2, '16200 seconds', '2016-08-17 21:39:51', 66),
(1, '3600 seconds', '2016-03-12 13:38:58', 67),
(2, '3600 seconds', '2016-03-12 13:38:58', 67),
(3, '3600 seconds', '2016-03-12 13:38:58', 67),
(1, '18000 seconds', '2017-01-23 14:59:11', 68),
(1, '36000 seconds', '2018-04-19 07:08:56', 69),
(1, '7200 seconds', '2017-09-09 10:24:56', 70),
(2, '7200 seconds', '2017-09-09 10:24:56', 70),
(1, '14400 seconds', '2017-09-13 18:23:58', 71),
(1, '7200 seconds', '2016-04-16 21:59:16', 72),
(2, '7200 seconds', '2016-04-16 21:59:16', 72),
(1, '3600 seconds', '2016-01-26 15:28:09', 73),
(2, '3600 seconds', '2016-01-26 15:28:09', 73),
(3, '3600 seconds', '2016-01-26 15:28:09', 73),
(1, '3600 seconds', '2016-04-06 19:39:26', 74),
(2, '3600 seconds', '2016-04-06 19:39:26', 74),
(3, '3600 seconds', '2016-04-06 19:39:26', 74),
(1, '10800 seconds', '2018-03-29 15:19:20', 75),
(1, '10800 seconds', '2017-02-02 08:02:49', 76),
(2, '10800 seconds', '2017-02-02 08:02:49', 76),
(1, '25200 seconds', '2017-08-05 05:56:36', 77),
(1, '36000 seconds', '2016-07-18 20:16:52', 78),
(1, '6000 seconds', '2016-04-21 04:53:54', 79),
(2, '6000 seconds', '2016-04-21 04:53:54', 79),
(3, '6000 seconds', '2016-04-21 04:53:54', 79),
(1, '3600 seconds', '2017-01-13 14:47:20', 80),
(2, '3600 seconds', '2017-01-13 14:47:20', 80),
(3, '3600 seconds', '2017-01-13 14:47:20', 80),
(1, '7200 seconds', '2018-02-07 14:45:08', 81),
(2, '7200 seconds', '2018-02-07 14:45:08', 81),
(3, '7200 seconds', '2018-02-07 14:45:08', 81),
(1, '8400 seconds', '2018-02-19 08:41:08', 82),
(2, '8400 seconds', '2018-02-19 08:41:08', 82),
(3, '8400 seconds', '2018-02-19 08:41:08', 82),
(1, '6000 seconds', '2017-01-01 21:42:03', 83),
(2, '6000 seconds', '2017-01-01 21:42:03', 83),
(3, '6000 seconds', '2017-01-01 21:42:03', 83),
(1, '14400 seconds', '2018-08-17 02:42:04', 84),
(2, '14400 seconds', '2018-08-17 02:42:04', 84),
(1, '9600 seconds', '2018-07-27 13:24:02', 85),
(2, '9600 seconds', '2018-07-27 13:24:02', 85),
(3, '9600 seconds', '2018-07-27 13:24:02', 85),
(1, '7200 seconds', '2016-03-24 09:56:52', 86),
(2, '7200 seconds', '2016-03-24 09:56:52', 86),
(3, '7200 seconds', '2016-03-24 09:56:52', 86),
(1, '8400 seconds', '2017-11-11 07:53:45', 87),
(2, '8400 seconds', '2017-11-11 07:53:45', 87),
(3, '8400 seconds', '2017-11-11 07:53:45', 87),
(1, '28800 seconds', '2016-07-09 10:11:40', 88),
(1, '36000 seconds', '2017-09-17 12:31:01', 89),
(1, '12000 seconds', '2018-04-23 04:43:01', 90),
(2, '12000 seconds', '2018-04-23 04:43:01', 90),
(3, '12000 seconds', '2018-04-23 04:43:01', 90),
(1, '4800 seconds', '2017-05-20 11:17:18', 91),
(2, '4800 seconds', '2017-05-20 11:17:18', 91),
(3, '4800 seconds', '2017-05-20 11:17:18', 91),
(1, '7200 seconds', '2016-09-19 13:05:49', 92),
(2, '7200 seconds', '2016-09-19 13:05:49', 92),
(1, '14400 seconds', '2016-08-04 18:37:44', 93),
(2, '14400 seconds', '2016-08-04 18:37:44', 93),
(1, '8400 seconds', '2017-04-01 14:31:41', 94),
(2, '8400 seconds', '2017-04-01 14:31:41', 94),
(3, '8400 seconds', '2017-04-01 14:31:41', 94),
(1, '12600 seconds', '2018-05-20 04:25:16', 95),
(2, '12600 seconds', '2018-05-20 04:25:16', 95),
(1, '10800 seconds', '2018-04-29 20:36:30', 96),
(1, '12000 seconds', '2018-02-28 13:43:45', 97),
(2, '12000 seconds', '2018-02-28 13:43:45', 97),
(3, '12000 seconds', '2018-02-28 13:43:45', 97),
(1, '10800 seconds', '2016-09-18 16:19:20', 98),
(2, '10800 seconds', '2016-09-18 16:19:20', 98),
(3, '10800 seconds', '2016-09-18 16:19:20', 98),
(1, '18000 seconds', '2017-07-17 10:33:12', 99),
(1, '5400 seconds', '2018-03-02 03:39:30', 100),
(2, '5400 seconds', '2018-03-02 03:39:30', 100),
(1, '7200 seconds', '2017-09-16 19:37:55', 68),
(1, '4800 seconds', '2018-09-21 05:16:57', 72),
(2, '4800 seconds', '2018-09-21 05:16:57', 72),
(3, '4800 seconds', '2018-09-21 05:16:57', 72),
(1, '1200 seconds', '2016-11-28 06:05:07', 36),
(2, '1200 seconds', '2016-11-28 06:05:07', 36),
(3, '1200 seconds', '2016-11-28 06:05:07', 36),
(1, '2400 seconds', '2017-01-30 08:46:36', 67),
(2, '2400 seconds', '2017-01-30 08:46:36', 67),
(3, '2400 seconds', '2017-01-30 08:46:36', 67),
(1, '36000 seconds', '2017-05-12 23:53:20', 74),
(1, '8400 seconds', '2017-08-18 07:08:54', 41),
(2, '8400 seconds', '2017-08-18 07:08:54', 41),
(3, '8400 seconds', '2017-08-18 07:08:54', 41),
(1, '18000 seconds', '2017-02-08 21:59:21', 49),
(2, '18000 seconds', '2017-02-08 21:59:21', 49),
(1, '7200 seconds', '2018-10-16 10:40:00', 8),
(2, '7200 seconds', '2018-10-16 10:40:00', 8),
(1, '10800 seconds', '2017-03-25 13:55:52', 65),
(2, '10800 seconds', '2017-03-25 13:55:52', 65),
(1, '3600 seconds', '2018-08-13 19:05:45', 91),
(2, '3600 seconds', '2018-08-13 19:05:45', 91),
(1, '21600 seconds', '2017-05-15 13:35:50', 3),
(1, '9600 seconds', '2017-06-14 14:18:58', 36),
(2, '9600 seconds', '2017-06-14 14:18:58', 36),
(3, '9600 seconds', '2017-06-14 14:18:58', 36),
(1, '9600 seconds', '2016-03-06 15:02:40', 13),
(2, '9600 seconds', '2016-03-06 15:02:40', 13),
(3, '9600 seconds', '2016-03-06 15:02:40', 13),
(1, '18000 seconds', '2017-08-26 03:12:50', 35),
(2, '18000 seconds', '2017-08-26 03:12:50', 35),
(1, '21600 seconds', '2018-03-17 03:01:47', 32),
(1, '18000 seconds', '2018-04-02 23:31:15', 6),
(1, '4800 seconds', '2017-08-30 18:54:52', 59),
(2, '4800 seconds', '2017-08-30 18:54:52', 59),
(3, '4800 seconds', '2017-08-30 18:54:52', 59),
(1, '12000 seconds', '2017-04-13 12:49:49', 4),
(2, '12000 seconds', '2017-04-13 12:49:49', 4),
(3, '12000 seconds', '2017-04-13 12:49:49', 4),
(1, '10800 seconds', '2017-02-19 09:28:18', 7),
(2, '10800 seconds', '2017-02-19 09:28:18', 7),
(3, '10800 seconds', '2017-02-19 09:28:18', 7),
(1, '28800 seconds', '2018-08-07 09:12:33', 3),
(1, '5400 seconds', '2018-01-01 02:06:20', 59),
(2, '5400 seconds', '2018-01-01 02:06:20', 59),
(1, '9600 seconds', '2017-07-19 00:35:30', 52),
(2, '9600 seconds', '2017-07-19 00:35:30', 52),
(3, '9600 seconds', '2017-07-19 00:35:30', 52),
(1, '2400 seconds', '2017-10-03 12:19:44', 44),
(2, '2400 seconds', '2017-10-03 12:19:44', 44),
(3, '2400 seconds', '2017-10-03 12:19:44', 44),
(1, '14400 seconds', '2016-01-14 09:14:29', 78),
(2, '14400 seconds', '2016-01-14 09:14:29', 78),
(1, '3600 seconds', '2017-11-01 19:51:58', 58),
(2, '3600 seconds', '2017-11-01 19:51:58', 58),
(3, '3600 seconds', '2017-11-01 19:51:58', 58),
(1, '10800 seconds', '2017-10-09 12:42:01', 59),
(2, '10800 seconds', '2017-10-09 12:42:01', 59),
(1, '25200 seconds', '2017-10-20 11:24:29', 74),
(1, '10800 seconds', '2016-06-02 04:07:24', 67),
(2, '10800 seconds', '2016-06-02 04:07:24', 67),
(1, '3600 seconds', '2018-06-02 10:15:10', 61),
(1, '14400 seconds', '2017-01-17 02:15:00', 93),
(1, '3600 seconds', '2017-12-01 00:37:30', 15),
(2, '3600 seconds', '2017-12-01 00:37:30', 15),
(1, '10800 seconds', '2017-10-02 03:36:12', 54),
(1, '18000 seconds', '2017-05-22 18:32:31', 81),
(1, '7200 seconds', '2016-04-23 11:15:49', 25),
(1, '3600 seconds', '2018-02-27 19:30:24', 99),
(2, '3600 seconds', '2018-02-27 19:30:24', 99),
(1, '28800 seconds', '2016-01-29 16:46:40', 34),
(1, '7200 seconds', '2016-04-24 12:01:14', 68),
(1, '10800 seconds', '2016-06-30 16:53:55', 55),
(1, '2400 seconds', '2017-06-25 22:10:52', 70),
(2, '2400 seconds', '2017-06-25 22:10:52', 70),
(3, '2400 seconds', '2017-06-25 22:10:52', 70),
(1, '8400 seconds', '2017-07-10 22:03:30', 49),
(2, '8400 seconds', '2017-07-10 22:03:30', 49),
(3, '8400 seconds', '2017-07-10 22:03:30', 49),
(1, '12600 seconds', '2018-07-17 18:24:19', 97),
(2, '12600 seconds', '2018-07-17 18:24:19', 97),
(1, '12000 seconds', '2016-06-10 02:42:56', 95),
(2, '12000 seconds', '2016-06-10 02:42:56', 95),
(3, '12000 seconds', '2016-06-10 02:42:56', 95),
(1, '16200 seconds', '2018-09-19 11:19:44', 83),
(2, '16200 seconds', '2018-09-19 11:19:44', 83),
(1, '1200 seconds', '2018-11-08 02:12:17', 72),
(2, '1200 seconds', '2018-11-08 02:12:17', 72),
(3, '1200 seconds', '2018-11-08 02:12:17', 72),
(1, '12000 seconds', '2017-11-28 18:43:29', 48),
(2, '12000 seconds', '2017-11-28 18:43:29', 48),
(3, '12000 seconds', '2017-11-28 18:43:29', 48),
(1, '7200 seconds', '2016-11-03 04:09:28', 61),
(1, '14400 seconds', '2017-03-01 04:54:40', 98),
(2, '14400 seconds', '2017-03-01 04:54:40', 98),
(1, '12000 seconds', '2017-12-05 12:09:30', 94),
(2, '12000 seconds', '2017-12-05 12:09:30', 94),
(3, '12000 seconds', '2017-12-05 12:09:30', 94),
(1, '18000 seconds', '2017-02-17 21:20:38', 72),
(2, '18000 seconds', '2017-02-17 21:20:38', 72),
(1, '12600 seconds', '2018-04-03 22:05:07', 36),
(2, '12600 seconds', '2018-04-03 22:05:07', 36);

INSERT INTO Local
VALUES  ('North Dublin Bay'),
('Slyne Head Islands'),
('Lough Lurgeen Bog/Glenamaddy Turlough'),
('Inishtrahull'),
('Sessiagh Lough'),
('Moneen Mountain'),
('Kilgarvan Ice House'),
('Old Domestic Building, Dromore Wood'),
('The Loughans'),
('Caha Mountains'),
('Monchique'),
('Howth Head'),
('Lough Oughter and Associated Loughs'),
('Cloonmoylan Bog'),
('Slieve League'),
('Roaringwater Bay and Islands'),
('Killarney National Park, Macgillycuddy''s Reeks and Caragh River Catchment'),
('Inagh River Estuary'),
('Barroughter Bog'),
('River Shannon Callows'),
('Killyconny Bog (Cloghbally)'),
('Aran Island (Donegal) Cliffs'),
('Curraghchase Woods'),
('Dromore Woods and Loughs'),
('Lough Rea'),
('Coolcam Turlough'),
('Kiltartan Cave (Coole)'),
('Lough Cutra'),
('Ballycullinan Lake'),
('Glengarriff Harbour and Woodland'),
('Lough Corrib'),
('Tully Mountain'),
('Oliveira do Hospital'),
('Galway Bay Complex'),
('Castlemaine Harbour'),
('Ballintra'),
('Lough Gash Turlough'),
('Lough Eske and Ardnamona Wood'),
('Ballynafagh Bog'),
('Lough Nillan Bog (Carrickatlieve)'),
('Ballinskelligs Bay and Inny Estuary'),
('Red Bog, Kildare'),
('Meentygrannagh Bog'),
('Baldoyle Bay'),
('Black Head-Poulsallagh Complex'),
('St. Gobnet''s Wood'),
('Horn Head and Rinclevan'),
('Rathlin O''Birne Island'),
('Croaghill Turlough'),
('Ballyallia Lake'),
('Rogerstown Estuary'),
('Levally Lough'),
('Pouladatig Cave'),
('Ballyarr Wood'),
('Gannivegil Bog'),
('The Gearagh'),
('Meenaguse/Ardbane Bog'),
('Magheradrumman Bog'),
('Poulnagordon Cave (Quin)'),
('Peterswell Turlough'),
('Pollnaknockaun Wood Nature Reserve'),
('Durnesh Lough'),
('Caherglassaun Turlough'),
('Castletaylor Complex'),
('Lisnageeragh Bog and Ballinastack Turlough'),
('Fawnboy Bog/Lough Nacung'),
('Derrycrag Wood Nature Reserve'),
('Moyree River System'),
('West of Ardara/Maas Road'),
('Akeragh, Banna and Barrow Harbour'),
('South Dublin Bay'),
('Mount Brandon'),
('Slieve Tooey/Tormore Island/Loughros Beg Bay'),
('Rosroe Bog'),
('Three Castle Head to Mizen Head'),
('Danes Hole, Poulnalecka'),
('Ballyogan Lough'),
('Sheep''s Head'),
('Kilsallagh Bog'),
('Lough Yganavan and Lough Nambrackdarrig'),
('Loughatorick South Bog'),
('Lough Nagreany Dunes'),
('St. John''s Point'),
('Inishmore Island'),
('Croaghonagh Bog'),
('Inishbofin and Inishshark'),
('Coole-Garryland Complex'),
('Lough Hyne Nature Reserve and Environs'),
('Donegal Bay (Murvagh)'),
('Malahide Estuary'),
('Shankill West Bog'),
('Pollardstown Fen'),
('Sheheree (Ardagh) Bog'),
('Tranarossan and Melmore Lough'),
('Hugginstown Fen'),
('Ballymacoda (Clonpriest and Pillmore)'),
('Lambay Island'),
('Rahasane Turlough'),
('Clonakilty Bay'),
('Inishmaan Island');

INSERT INTO Vigia
VALUES  ('North Dublin Bay', 1),
('Slyne Head Islands', 2),
('Lough Lurgeen Bog/Glenamaddy Turlough', 3),
('Inishtrahull', 4),
('Sessiagh Lough', 5),
('Moneen Mountain', 6),
('Kilgarvan Ice House', 7),
('Old Domestic Building, Dromore Wood', 8),
('The Loughans', 9),
('Caha Mountains', 10),
('Monchique', 11),
('Howth Head', 12),
('Lough Oughter and Associated Loughs', 13),
('Cloonmoylan Bog', 14),
('Slieve League', 15),
('Roaringwater Bay and Islands', 16),
('Killarney National Park, Macgillycuddy''s Reeks and Caragh River Catchment', 17),
('Inagh River Estuary', 18),
('Barroughter Bog', 19),
('River Shannon Callows', 20),
('Killyconny Bog (Cloghbally)', 21),
('Aran Island (Donegal) Cliffs', 22),
('Curraghchase Woods', 23),
('Dromore Woods and Loughs', 24),
('Lough Rea', 25),
('Coolcam Turlough', 26),
('Kiltartan Cave (Coole)', 27),
('Lough Cutra', 28),
('Ballycullinan Lake', 29),
('Glengarriff Harbour and Woodland', 30),
('Lough Corrib', 31),
('Tully Mountain', 32),
('Oliveira do Hospital', 33),
('Galway Bay Complex', 34),
('Castlemaine Harbour', 35),
('Ballintra', 36),
('Lough Gash Turlough', 37),
('Lough Eske and Ardnamona Wood', 38),
('Ballynafagh Bog', 39),
('Lough Nillan Bog (Carrickatlieve)', 40),
('Ballinskelligs Bay and Inny Estuary', 41),
('Red Bog, Kildare', 42),
('Meentygrannagh Bog', 43),
('Baldoyle Bay', 44),
('Black Head-Poulsallagh Complex', 45),
('St. Gobnet''s Wood', 46),
('Horn Head and Rinclevan', 47),
('Rathlin O''Birne Island', 48),
('Croaghill Turlough', 49),
('Ballyallia Lake', 50),
('Rogerstown Estuary', 51),
('Levally Lough', 52),
('Pouladatig Cave', 53),
('Ballyarr Wood', 54),
('Gannivegil Bog', 55),
('The Gearagh', 56),
('Meenaguse/Ardbane Bog', 57),
('Magheradrumman Bog', 58),
('Poulnagordon Cave (Quin)', 59),
('Peterswell Turlough', 60),
('Pollnaknockaun Wood Nature Reserve', 61),
('Durnesh Lough', 62),
('Caherglassaun Turlough', 63),
('Castletaylor Complex', 64),
('Lisnageeragh Bog and Ballinastack Turlough', 65),
('Fawnboy Bog/Lough Nacung', 66),
('Derrycrag Wood Nature Reserve', 67),
('Moyree River System', 68),
('West of Ardara/Maas Road', 69),
('Akeragh, Banna and Barrow Harbour', 70),
('South Dublin Bay', 71),
('Mount Brandon', 72),
('Slieve Tooey/Tormore Island/Loughros Beg Bay', 73),
('Rosroe Bog', 74),
('Three Castle Head to Mizen Head', 75),
('Danes Hole, Poulnalecka', 76),
('Ballyogan Lough', 77),
('Sheep''s Head', 78),
('Kilsallagh Bog', 79),
('Lough Yganavan and Lough Nambrackdarrig', 80),
('Loughatorick South Bog', 81),
('Lough Nagreany Dunes', 82),
('St. John''s Point', 83),
('Inishmore Island', 84),
('Croaghonagh Bog', 85),
('Inishbofin and Inishshark', 86),
('Coole-Garryland Complex', 87),
('Lough Hyne Nature Reserve and Environs', 88),
('Donegal Bay (Murvagh)', 89),
('Malahide Estuary', 90),
('Shankill West Bog', 91),
('Pollardstown Fen', 92),
('Sheheree (Ardagh) Bog', 93),
('Tranarossan and Melmore Lough', 94),
('Hugginstown Fen', 95),
('Ballymacoda (Clonpriest and Pillmore)', 96),
('Lambay Island', 97),
('Rahasane Turlough', 98),
('Clonakilty Bay', 99),
('Inishmaan Island', 100);

INSERT INTO processosocorro VALUES
(DEFAULT), (DEFAULT), (DEFAULT), (DEFAULT), (DEFAULT),(DEFAULT), (DEFAULT), (DEFAULT), (DEFAULT), (DEFAULT),
(DEFAULT), (DEFAULT), (DEFAULT), (DEFAULT), (DEFAULT),(DEFAULT), (DEFAULT), (DEFAULT), (DEFAULT), (DEFAULT),
(DEFAULT), (DEFAULT), (DEFAULT), (DEFAULT), (DEFAULT),(DEFAULT), (DEFAULT), (DEFAULT), (DEFAULT), (DEFAULT),
(DEFAULT), (DEFAULT), (DEFAULT), (DEFAULT), (DEFAULT),(DEFAULT), (DEFAULT), (DEFAULT), (DEFAULT), (DEFAULT),
(DEFAULT), (DEFAULT), (DEFAULT), (DEFAULT), (DEFAULT),(DEFAULT), (DEFAULT), (DEFAULT), (DEFAULT), (DEFAULT),
(DEFAULT), (DEFAULT), (DEFAULT), (DEFAULT), (DEFAULT),(DEFAULT), (DEFAULT), (DEFAULT), (DEFAULT), (DEFAULT),
(DEFAULT), (DEFAULT), (DEFAULT), (DEFAULT), (DEFAULT),(DEFAULT), (DEFAULT), (DEFAULT), (DEFAULT), (DEFAULT),
(DEFAULT), (DEFAULT), (DEFAULT), (DEFAULT), (DEFAULT),(DEFAULT), (DEFAULT), (DEFAULT), (DEFAULT), (DEFAULT),
(DEFAULT), (DEFAULT), (DEFAULT), (DEFAULT), (DEFAULT),(DEFAULT), (DEFAULT), (DEFAULT), (DEFAULT), (DEFAULT),
(DEFAULT), (DEFAULT), (DEFAULT), (DEFAULT), (DEFAULT),(DEFAULT), (DEFAULT), (DEFAULT), (DEFAULT), (DEFAULT);

INSERT INTO EventoEmergencia
VALUES  (811050337, '2017-10-27 04:17:31', 'Vallie Watsica ', 'North Dublin Bay', 1),
(873407540, '2016-04-11 13:52:10', 'Mr. Deontae Tromp', 'Slyne Head Islands', 2),
(879907876, '2016-06-19 10:23:40', 'Wyatt Carroll', 'Lough Lurgeen Bog/Glenamaddy Turlough', 3),
(885611665, '2017-03-26 04:36:18', 'Kaia Moen IV', 'Inishtrahull', 4),
(841793079, '2017-03-29 21:26:36', 'April Cole', 'Sessiagh Lough', 5),
(845529228, '2018-04-25 02:03:18', 'Hillary Heller', 'Moneen Mountain', 6),
(881555989, '2018-08-13 01:47:04', 'Fleta Ankunding', 'Kilgarvan Ice House', 7),
(897447556, '2017-11-01 20:47:27', 'Cassie Beatty', 'Old Domestic Building, Dromore Wood', 8),
(882407005, '2016-11-19 00:28:38', 'Miss Aniya Kautzer', 'The Loughans', 9),
(819793979, '2016-02-28 21:29:38', 'Vaughn Yost', 'Caha Mountains', 10),
(899627605, '2017-07-19 00:47:21', 'Cordia Satterfield', 'Monchique', 11),
(860434418, '2018-07-01 20:23:29', 'Jazlyn Gleichner', 'Howth Head', 12),
(890196011, '2017-02-01 20:46:24', 'Tony Herman', 'Lough Oughter and Associated Loughs', 13),
(810530717, '2016-09-19 04:10:10', 'Cooper Murphy', 'Cloonmoylan Bog', 14),
(883388182, '2016-04-10 06:12:41', 'Justen Wuckert', 'Slieve League', 15),
(850318462, '2016-06-29 00:37:59', 'Shaniya Wisozk', 'Roaringwater Bay and Islands', 16),
(864790084, '2017-06-28 09:07:05', 'Roy Dicki', 'Killarney National Park, Macgillycuddy''s Reeks and Caragh River Catchment', 17),
(849656161, '2016-07-31 20:11:13', 'Mr. Cade O''Hara', 'Inagh River Estuary', 18),
(864067979, '2017-01-05 09:14:53', 'Manley Green', 'Barroughter Bog', 19),
(887428169, '2016-02-08 04:39:41', 'Erich Dooley', 'River Shannon Callows', 20),
(898786244, '2016-10-08 19:34:43', 'Halle Windler', 'Killyconny Bog (Cloghbally)', 21),
(828651081, '2016-03-31 18:53:14', 'Kayley Lockman', 'Aran Island (Donegal) Cliffs', 22),
(875260971, '2017-12-17 04:42:32', 'Alexandrine Gleichner', 'Curraghchase Woods', 23),
(890076391, '2018-04-09 10:24:39', 'Anastasia Runte', 'Dromore Woods and Loughs', 24),
(879220638, '2016-11-30 01:07:01', 'Alberta Mitchell', 'Lough Rea', 25),
(840415721, '2016-11-21 17:18:37', 'Estella Jacobson', 'Coolcam Turlough', 26),
(839842402, '2016-04-08 14:12:36', 'Vicky Hayes', 'Kiltartan Cave (Coole)', 27),
(815270691, '2017-07-17 21:03:31', 'Marvin Lynch', 'Lough Cutra', 28),
(814445881, '2016-09-18 07:03:12', 'Misty Hansen', 'Ballycullinan Lake', 29),
(836255029, '2017-05-08 17:19:06', 'Malvina Schuppe', 'Glengarriff Harbour and Woodland', 30),
(896411270, '2016-02-10 07:14:26', 'Eldred Hayes', 'Lough Corrib', 31),
(889358551, '2018-10-07 13:23:50', 'Shaina Bruen ', 'Tully Mountain', 32),
(867110800, '2016-06-20 23:03:20', 'Blake Weber', 'Oliveira do Hospital', 33),
(838547350, '2017-12-10 04:50:16', 'Edward Senger', 'Galway Bay Complex', 34),
(859733938, '2016-07-24 15:57:48', 'Hudson Roob', 'Castlemaine Harbour', 35),
(895472953, '2017-01-30 20:59:23', 'Khalid Dach', 'Ballintra', 36),
(837506666, '2017-05-25 11:57:56', 'Hermina Cartwright', 'Lough Gash Turlough', 37),
(810842231, '2016-09-30 10:55:48', 'Mr. Hillary Fay', 'Lough Eske and Ardnamona Wood', 38),
(849569462, '2018-08-14 18:42:35', 'Aliya Hills', 'Ballynafagh Bog', 39),
(828959046, '2018-02-12 18:40:14', 'Asha Wintheiser', 'Lough Nillan Bog (Carrickatlieve)', 40),
(838057221, '2017-08-22 01:32:17', 'Enoch Windler', 'Ballinskelligs Bay and Inny Estuary', 41),
(811134150, '2017-07-19 19:58:11', 'Nathen Gaylord', 'Red Bog, Kildare', 42),
(880272115, '2017-12-19 12:38:25', 'Bill Windler', 'Meentygrannagh Bog', 43),
(890021695, '2017-04-01 12:53:01', 'Kennedi Lindgren', 'Baldoyle Bay', 44),
(886826828, '2018-11-01 12:31:14', 'Adrianna Wunsch', 'Black Head-Poulsallagh Complex', 45),
(810071893, '2017-08-02 21:20:44', 'Maryjane Baumbach', 'St. Gobnet''s Wood', 46),
(863949640, '2018-04-24 20:50:12', 'Eloy Emmerich', 'Horn Head and Rinclevan', 47),
(870186926, '2016-06-05 02:30:31', 'Mr. Kayley Hansen', 'Rathlin O''Birne Island', 48),
(855267799, '2016-11-21 09:18:23', 'Rubie Schimmel', 'Croaghill Turlough', 49),
(897991236, '2017-02-12 21:20:02', 'Florencio West', 'Ballyallia Lake', 50),
(891769591, '2018-09-13 05:48:32', 'Ilene Ryan', 'Rogerstown Estuary', 51),
(829360156, '2017-07-16 09:29:43', 'Emma Rosenbaum', 'Levally Lough', 52),
(872200244, '2016-07-03 22:37:51', 'Elisa Muller', 'Pouladatig Cave', 53),
(862300720, '2016-01-26 15:53:20', 'Julius McKenzie', 'Ballyarr Wood', 54),
(897079766, '2018-11-12 09:36:41', 'Dr. Leone Nienow', 'Gannivegil Bog', 55),
(888815665, '2016-01-22 19:05:47', 'Terrence Hoeger', 'The Gearagh', 56),
(882294129, '2017-12-03 15:31:55', 'Armand Gleichner', 'Meenaguse/Ardbane Bog', 57),
(871960012, '2016-02-03 09:31:48', 'Antwan Gorczany', 'Magheradrumman Bog', 58),
(882831185, '2016-07-16 15:27:20', 'Eduardo Fisher', 'Poulnagordon Cave (Quin)', 59),
(878484504, '2018-01-01 20:00:05', 'Nicholas Grady', 'Peterswell Turlough', 60),
(812149293, '2016-11-11 08:19:11', 'Dr. Emmanuelle Dicki', 'Pollnaknockaun Wood Nature Reserve', 61),
(818507543, '2016-03-17 12:37:18', 'Dr. Ivy Boyle', 'Durnesh Lough', 62),
(876105130, '2018-02-08 13:32:20', 'Cassie Hyatt', 'Caherglassaun Turlough', 63),
(874813509, '2018-08-01 20:31:53', 'Sibyl Homenick', 'Castletaylor Complex', 64),
(817888414, '2017-01-13 18:14:12', 'Deven Crona', 'Lisnageeragh Bog and Ballinastack Turlough', 65),
(858492970, '2018-11-04 19:23:48', 'Lester Hilpert', 'Fawnboy Bog/Lough Nacung', 66),
(816304990, '2017-04-16 02:54:38', 'Marie Rutherford', 'Derrycrag Wood Nature Reserve', 67),
(825460142, '2016-05-28 22:54:51', 'Ms. Evie Glover', 'Moyree River System', 68),
(845097101, '2016-11-25 04:55:30', 'Ms. Celia Simonis', 'West of Ardara/Maas Road', 69),
(868914912, '2017-09-26 22:52:36', 'Nathan Brakus', 'Akeragh, Banna and Barrow Harbour', 70),
(876059676, '2018-06-10 22:00:08', 'Brice Mueller', 'South Dublin Bay', 71),
(852327358, '2016-01-25 21:41:22', 'Santiago Ziemann', 'Mount Brandon', 72),
(897972126, '2017-08-06 15:31:53', 'Laury Treutel', 'Slieve Tooey/Tormore Island/Loughros Beg Bay', 73),
(823065052, '2016-10-24 21:28:48', 'Malika Hackett', 'Rosroe Bog', 74),
(839907719, '2017-09-30 12:06:41', 'Jamil Sipes', 'Three Castle Head to Mizen Head', 75),
(892105536, '2017-03-13 04:47:37', 'Royce Medhurst', 'Danes Hole, Poulnalecka', 76),
(891496642, '2016-11-28 04:38:47', 'Pattie O''Connell', 'Ballyogan Lough', 77),
(852545429, '2016-08-21 09:39:51', 'Floyd Hills', 'Sheep''s Head', 78),
(825900815, '2018-03-19 19:49:28', 'Logan Gerhold', 'Kilsallagh Bog', 79),
(879590909, '2017-11-21 21:59:45', 'Syble Lang', 'Lough Yganavan and Lough Nambrackdarrig', 80),
(841665743, '2017-08-20 13:03:51', 'Kimberly Greenholt', 'Loughatorick South Bog', 81),
(846816858, '2018-08-05 11:39:05', 'Aditya Cruickshank', 'Lough Nagreany Dunes', 82),
(843191856, '2018-04-22 18:29:06', 'Milton Hettinger', 'St. John''s Point', 83),
(841453548, '2018-09-22 16:42:34', 'Amaya Bruen', 'Inishmore Island', 84),
(870691103, '2016-01-14 22:49:37', 'Astrid Bosco', 'Croaghonagh Bog', 85),
(874409461, '2017-01-23 21:16:48', 'Florence Legros', 'Inishbofin and Inishshark', 86),
(892080083, '2017-10-09 09:53:23', 'Zoila Kunde', 'Coole-Garryland Complex', 87),
(842236764, '2017-06-01 06:05:00', 'Sean Mante', 'Lough Hyne Nature Reserve and Environs', 88),
(822917690, '2018-03-27 23:58:59', 'Ms. Junius Rau', 'Donegal Bay (Murvagh)', 89),
(887566691, '2017-02-06 05:21:27', 'Cheyanne Heathcote', 'Malahide Estuary', 90),
(870235348, '2017-09-23 05:37:52', 'Franz Orn', 'Shankill West Bog', 91),
(857295561, '2017-08-28 21:02:04', 'Mae Effertz', 'Pollardstown Fen', 92),
(881349716, '2016-08-06 19:09:01', 'Jerald Bins', 'Sheheree (Ardagh) Bog', 93),
(837842287, '2016-09-12 10:52:03', 'Ozella Mosciski', 'Tranarossan and Melmore Lough', 94),
(891217215, '2018-08-26 23:02:57', 'Jade O''Reilly', 'Hugginstown Fen', 95),
(828400636, '2018-09-28 13:55:43', 'Alverta Hane ', 'Ballymacoda (Clonpriest and Pillmore)', 96),
(853129838, '2018-07-26 13:59:00', 'Dr. Nelle Jerde', 'Lambay Island', 97),
(825029716, '2018-11-10 22:48:19', 'Aileen Waelchi', 'Rahasane Turlough', 98),
(877595767, '2017-09-11 10:39:09', 'Diamond Stoltenberg', 'Clonakilty Bay', 99),
(817388635, '2018-04-10 22:10:02', 'Johanna Douglas', 'Inishmaan Island', 100);

INSERT INTO EntidadeMeio
VALUES  ('South Dublin National Park Service Dep. 1'),
('South Dublin National Park Service Dep. 2'),
('South Dublin National Park Service Dep. 3'),
('South Dublin National Park Service Dep. 4'),
('South Dublin National Park Service Dep. 5'),
('South Dublin National Park Service Dep. 6'),
('South Dublin Forest Service Dep. 1'),
('South Dublin Forest Service Dep. 2'),
('South Dublin Forest Service Dep. 3'),
('South Dublin Forest Service Dep. 4'),
('South Dublin Forest Service Dep. 5'),
('South Dublin Forest Service Dep. 6'),
('Inishmore Island Rural Fire Service Dep. 1'),
('Inishmore Island Rural Fire Service Dep. 2'),
('Inishmore Island Rural Fire Service Dep. 3'),
('Inishmore Island Rural Fire Service Dep. 4'),
('Inishmore Island Rural Fire Service Dep. 5'),
('Inishmore Island Rural Fire Service Dep. 6'),
('Inishmore Island Country Fire Authority Dep. 1'),
('Inishmore Island Country Fire Authority Dep. 2'),
('Inishmore Island Country Fire Authority Dep. 3'),
('Inishmore Island Country Fire Authority Dep. 4'),
('Inishmore Island Country Fire Authority Dep. 5'),
('Inishmore Island Country Fire Authority Dep. 6'),
('Broadhaven Bay Forest Service Dep. 1'),
('Broadhaven Bay Forest Service Dep. 2'),
('Broadhaven Bay Forest Service Dep. 3'),
('Broadhaven Bay Forest Service Dep. 4'),
('Broadhaven Bay Forest Service Dep. 5'),
('Broadhaven Bay Forest Service Dep. 6'),
('Broadhaven Bay Land Management Dep. 1'),
('Broadhaven Bay Land Management Dep. 2'),
('Broadhaven Bay Land Management Dep. 3'),
('Broadhaven Bay Land Management Dep. 4'),
('Broadhaven Bay Land Management Dep. 5'),
('Broadhaven Bay Land Management Dep. 6'),
('Union Wood Country Fire Service  Dep. 1'),
('Union Wood Country Fire Service  Dep. 2'),
('Union Wood Country Fire Service  Dep. 3'),
('Union Wood Country Fire Service  Dep. 4'),
('Union Wood Country Fire Service  Dep. 5'),
('Union Wood Country Fire Service  Dep. 6'),
('Union Wood State Emergency Service Dep. 1'),
('Union Wood State Emergency Service Dep. 2'),
('Union Wood State Emergency Service Dep. 3'),
('Union Wood State Emergency Service Dep. 4'),
('Union Wood State Emergency Service Dep. 5'),
('Union Wood State Emergency Service Dep. 6'),
('Raven Point Wildlife Service Dep. 1'),
('Raven Point Wildlife Service Dep. 2'),
('Raven Point Wildlife Service Dep. 3'),
('Raven Point Wildlife Service Dep. 4'),
('Raven Point Wildlife Service Dep. 5'),
('Raven Point Wildlife Service Dep. 6'),
('Knocksink Wood  Wildlife Service Dep. 1'),
('Knocksink Wood  Wildlife Service Dep. 2'),
('Knocksink Wood  Wildlife Service Dep. 3'),
('Knocksink Wood  Wildlife Service Dep. 4'),
('Knocksink Wood  Wildlife Service Dep. 5'),
('Knocksink Wood  Wildlife Service Dep. 6'),
('Hook Head Rural Fire Service Dep. 1'),
('Hook Head Rural Fire Service Dep. 2'),
('Hook Head Rural Fire Service Dep. 3'),
('Hook Head Rural Fire Service Dep. 4'),
('Hook Head Rural Fire Service Dep. 5'),
('Hook Head Rural Fire Service Dep. 6'),
('Blackstairs Mountains Fire Authority Dep. 1'),
('Blackstairs Mountains Fire Authority Dep. 2'),
('Blackstairs Mountains Fire Authority Dep. 3'),
('Blackstairs Mountains Fire Authority Dep. 4'),
('Blackstairs Mountains Fire Authority Dep. 5'),
('Blackstairs Mountains Fire Authority Dep. 6'),
('Cullahill Mountain Fire Protection Dep. 1'),
('Cullahill Mountain Fire Protection Dep. 2'),
('Cullahill Mountain Fire Protection Dep. 3'),
('Cullahill Mountain Fire Protection Dep. 4'),
('Cullahill Mountain Fire Protection Dep. 5'),
('Cullahill Mountain Fire Protection Dep. 6'),
('Spahill Fish and Wildlife Service Dep. 1'),
('Spahill Fish and Wildlife Service Dep. 2'),
('Spahill Fish and Wildlife Service Dep. 3'),
('Spahill Fish and Wildlife Service Dep. 4'),
('Spahill Fish and Wildlife Service Dep. 5'),
('Spahill Fish and Wildlife Service Dep. 6'),
('Clare Glen Fire Authority Dep. 1'),
('Clare Glen Fire Authority Dep. 2'),
('Clare Glen Fire Authority Dep. 3'),
('Clare Glen Fire Authority Dep. 4'),
('Clare Glen Fire Authority Dep. 5'),
('Clare Glen Fire Authority Dep. 6'),
('Silvermine Mountains Park Service Dep. 1'),
('Silvermine Mountains Park Service Dep. 2'),
('Silvermine Mountains Park Service Dep. 3'),
('Silvermine Mountains Park Service Dep. 4'),
('Silvermine Mountains Park Service Dep. 5'),
('Silvermine Mountains Park Service Dep. 6'),
('Glenomra Wood Rural Fire Service Dep. 1'),
('Glenomra Wood Rural Fire Service Dep. 2'),
('Glenomra Wood Rural Fire Service Dep. 3'),
('Glenomra Wood Rural Fire Service Dep. 4'),
('Glenomra Wood Rural Fire Service Dep. 5'),
('Glenomra Wood Rural Fire Service Dep. 6'),
('Glenomra Wood Country Fire Service  Dep. 1'),
('Glenomra Wood Country Fire Service  Dep. 2'),
('Glenomra Wood Country Fire Service  Dep. 3'),
('Glenomra Wood Country Fire Service  Dep. 4'),
('Glenomra Wood Country Fire Service  Dep. 5'),
('Glenomra Wood Country Fire Service  Dep. 6');

INSERT INTO Meio
VALUES  (0, 'Foam Tender Unit', 'Cullahill Mountain Fire Protection Dep. 5'),
(1, 'Command Unit', 'Cullahill Mountain Fire Protection Dep. 5'),
(2, 'Light Fire Rescue Unit', 'Cullahill Mountain Fire Protection Dep. 5'),
(3, 'Operational Support Unit', 'Cullahill Mountain Fire Protection Dep. 5'),
(4, 'Squad Truck Unit', 'Cullahill Mountain Fire Protection Dep. 5'),
(5, 'Medium Rescue Squad Unit', 'Cullahill Mountain Fire Protection Dep. 5'),
(6, 'Hazmat Vehicle Unit', 'Cullahill Mountain Fire Protection Dep. 5'),
(7, 'Fire Engine', 'Cullahill Mountain Fire Protection Dep. 5'),
(8, 'Tender truck', 'Cullahill Mountain Fire Protection Dep. 5'),
(9, 'Light Rescue Squad Unit', 'Cullahill Mountain Fire Protection Dep. 5'),
(10, 'High Volume Pump', 'Cullahill Mountain Fire Protection Dep. 5'),
(11, 'Tiller truck', 'Cullahill Mountain Fire Protection Dep. 5'),
(12, 'Rescue Pump', 'Cullahill Mountain Fire Protection Dep. 5'),
(13, 'Command Support Unit', 'Cullahill Mountain Fire Protection Dep. 5'),
(14, 'Logistical Support Unit', 'Cullahill Mountain Fire Protection Dep. 5'),
(15, 'Heavy Rescue Unit', 'Cullahill Mountain Fire Protection Dep. 5'),
(16, 'Platform Truck Unit', 'Cullahill Mountain Fire Protection Dep. 5'),
(17, 'Medium Fire Rescue Unit', 'Cullahill Mountain Fire Protection Dep. 5'),
(0, 'Tender truck', 'Inishmore Island Country Fire Authority Dep. 5'),
(1, 'Heavy Rescue Unit', 'Inishmore Island Country Fire Authority Dep. 5'),
(2, 'Tiller truck', 'Inishmore Island Country Fire Authority Dep. 5'),
(3, 'Command Support Unit', 'Inishmore Island Country Fire Authority Dep. 5'),
(4, 'Light Rescue Squad Unit', 'Inishmore Island Country Fire Authority Dep. 5'),
(5, 'Rescue Pump', 'Inishmore Island Country Fire Authority Dep. 5'),
(6, 'Squad Truck Unit', 'Inishmore Island Country Fire Authority Dep. 5'),
(7, 'Logistical Support Unit', 'Inishmore Island Country Fire Authority Dep. 5'),
(8, 'High Volume Pump', 'Inishmore Island Country Fire Authority Dep. 5'),
(9, 'Medium Rescue Squad Unit', 'Inishmore Island Country Fire Authority Dep. 5'),
(10, 'Medium Fire Rescue Unit', 'Inishmore Island Country Fire Authority Dep. 5'),
(11, 'Light Fire Rescue Unit', 'Inishmore Island Country Fire Authority Dep. 5'),
(12, 'Command Unit', 'Inishmore Island Country Fire Authority Dep. 5'),
(13, 'Operational Support Unit', 'Inishmore Island Country Fire Authority Dep. 5'),
(14, 'Hazmat Vehicle Unit', 'Inishmore Island Country Fire Authority Dep. 5'),
(15, 'Fire Engine', 'Inishmore Island Country Fire Authority Dep. 5'),
(16, 'Foam Tender Unit', 'Inishmore Island Country Fire Authority Dep. 5'),
(17, 'Platform Truck Unit', 'Inishmore Island Country Fire Authority Dep. 5'),
(0, 'Rescue Pump', 'Glenomra Wood Rural Fire Service Dep. 6'),
(1, 'Light Fire Rescue Unit', 'Glenomra Wood Rural Fire Service Dep. 6'),
(2, 'Light Rescue Squad Unit', 'Glenomra Wood Rural Fire Service Dep. 6'),
(3, 'Medium Rescue Squad Unit', 'Glenomra Wood Rural Fire Service Dep. 6'),
(4, 'Heavy Rescue Unit', 'Glenomra Wood Rural Fire Service Dep. 6'),
(5, 'Fire Engine', 'Glenomra Wood Rural Fire Service Dep. 6'),
(6, 'Foam Tender Unit', 'Glenomra Wood Rural Fire Service Dep. 6'),
(7, 'Command Unit', 'Glenomra Wood Rural Fire Service Dep. 6'),
(8, 'Logistical Support Unit', 'Glenomra Wood Rural Fire Service Dep. 6'),
(9, 'Tiller truck', 'Glenomra Wood Rural Fire Service Dep. 6'),
(10, 'Tender truck', 'Glenomra Wood Rural Fire Service Dep. 6'),
(11, 'High Volume Pump', 'Glenomra Wood Rural Fire Service Dep. 6'),
(12, 'Hazmat Vehicle Unit', 'Glenomra Wood Rural Fire Service Dep. 6'),
(13, 'Platform Truck Unit', 'Glenomra Wood Rural Fire Service Dep. 6'),
(14, 'Operational Support Unit', 'Glenomra Wood Rural Fire Service Dep. 6'),
(15, 'Squad Truck Unit', 'Glenomra Wood Rural Fire Service Dep. 6'),
(16, 'Medium Fire Rescue Unit', 'Glenomra Wood Rural Fire Service Dep. 6'),
(17, 'Command Support Unit', 'Glenomra Wood Rural Fire Service Dep. 6'),
(0, 'Fire Engine', 'Silvermine Mountains Park Service Dep. 6'),
(1, 'Rescue Pump', 'Silvermine Mountains Park Service Dep. 6'),
(2, 'Tender truck', 'Silvermine Mountains Park Service Dep. 6'),
(3, 'High Volume Pump', 'Silvermine Mountains Park Service Dep. 6'),
(4, 'Heavy Rescue Unit', 'Silvermine Mountains Park Service Dep. 6'),
(5, 'Platform Truck Unit', 'Silvermine Mountains Park Service Dep. 6'),
(6, 'Hazmat Vehicle Unit', 'Silvermine Mountains Park Service Dep. 6'),
(7, 'Medium Fire Rescue Unit', 'Silvermine Mountains Park Service Dep. 6'),
(8, 'Squad Truck Unit', 'Silvermine Mountains Park Service Dep. 6'),
(9, 'Medium Rescue Squad Unit', 'Silvermine Mountains Park Service Dep. 6'),
(10, 'Tiller truck', 'Silvermine Mountains Park Service Dep. 6'),
(11, 'Command Support Unit', 'Silvermine Mountains Park Service Dep. 6'),
(12, 'Operational Support Unit', 'Silvermine Mountains Park Service Dep. 6'),
(13, 'Foam Tender Unit', 'Silvermine Mountains Park Service Dep. 6'),
(14, 'Light Fire Rescue Unit', 'Silvermine Mountains Park Service Dep. 6'),
(15, 'Command Unit', 'Silvermine Mountains Park Service Dep. 6'),
(16, 'Logistical Support Unit', 'Silvermine Mountains Park Service Dep. 6'),
(17, 'Light Rescue Squad Unit', 'Silvermine Mountains Park Service Dep. 6'),
(0, 'Command Support Unit', 'South Dublin Forest Service Dep. 1'),
(1, 'Medium Rescue Squad Unit', 'South Dublin Forest Service Dep. 1'),
(2, 'Light Fire Rescue Unit', 'South Dublin Forest Service Dep. 1'),
(3, 'Command Unit', 'South Dublin Forest Service Dep. 1'),
(4, 'Operational Support Unit', 'South Dublin Forest Service Dep. 1'),
(5, 'Tiller truck', 'South Dublin Forest Service Dep. 1'),
(6, 'Squad Truck Unit', 'South Dublin Forest Service Dep. 1'),
(7, 'Light Rescue Squad Unit', 'South Dublin Forest Service Dep. 1'),
(8, 'Tender truck', 'South Dublin Forest Service Dep. 1'),
(9, 'Medium Fire Rescue Unit', 'South Dublin Forest Service Dep. 1'),
(10, 'Fire Engine', 'South Dublin Forest Service Dep. 1'),
(11, 'High Volume Pump', 'South Dublin Forest Service Dep. 1'),
(12, 'Heavy Rescue Unit', 'South Dublin Forest Service Dep. 1'),
(13, 'Foam Tender Unit', 'South Dublin Forest Service Dep. 1'),
(14, 'Rescue Pump', 'South Dublin Forest Service Dep. 1'),
(15, 'Platform Truck Unit', 'South Dublin Forest Service Dep. 1'),
(16, 'Logistical Support Unit', 'South Dublin Forest Service Dep. 1'),
(17, 'Hazmat Vehicle Unit', 'South Dublin Forest Service Dep. 1'),
(0, 'Tender truck', 'Inishmore Island Rural Fire Service Dep. 5'),
(1, 'Light Rescue Squad Unit', 'Inishmore Island Rural Fire Service Dep. 5'),
(2, 'Command Unit', 'Inishmore Island Rural Fire Service Dep. 5'),
(3, 'Logistical Support Unit', 'Inishmore Island Rural Fire Service Dep. 5'),
(4, 'Squad Truck Unit', 'Inishmore Island Rural Fire Service Dep. 5'),
(5, 'Medium Fire Rescue Unit', 'Inishmore Island Rural Fire Service Dep. 5'),
(6, 'Fire Engine', 'Inishmore Island Rural Fire Service Dep. 5'),
(7, 'Rescue Pump', 'Inishmore Island Rural Fire Service Dep. 5'),
(8, 'Platform Truck Unit', 'Inishmore Island Rural Fire Service Dep. 5'),
(9, 'Light Fire Rescue Unit', 'Inishmore Island Rural Fire Service Dep. 5'),
(10, 'Heavy Rescue Unit', 'Inishmore Island Rural Fire Service Dep. 5'),
(11, 'Medium Rescue Squad Unit', 'Inishmore Island Rural Fire Service Dep. 5'),
(12, 'High Volume Pump', 'Inishmore Island Rural Fire Service Dep. 5'),
(13, 'Foam Tender Unit', 'Inishmore Island Rural Fire Service Dep. 5'),
(14, 'Tiller truck', 'Inishmore Island Rural Fire Service Dep. 5'),
(15, 'Hazmat Vehicle Unit', 'Inishmore Island Rural Fire Service Dep. 5'),
(16, 'Operational Support Unit', 'Inishmore Island Rural Fire Service Dep. 5'),
(17, 'Command Support Unit', 'Inishmore Island Rural Fire Service Dep. 5'),
(0, 'Heavy Rescue Unit', 'Union Wood State Emergency Service Dep. 4'),
(1, 'Squad Truck Unit', 'Union Wood State Emergency Service Dep. 4'),
(2, 'Platform Truck Unit', 'Union Wood State Emergency Service Dep. 4'),
(3, 'Logistical Support Unit', 'Union Wood State Emergency Service Dep. 4'),
(4, 'Light Fire Rescue Unit', 'Union Wood State Emergency Service Dep. 4'),
(5, 'Fire Engine', 'Union Wood State Emergency Service Dep. 4'),
(6, 'Tender truck', 'Union Wood State Emergency Service Dep. 4'),
(7, 'Command Support Unit', 'Union Wood State Emergency Service Dep. 4'),
(8, 'Light Rescue Squad Unit', 'Union Wood State Emergency Service Dep. 4'),
(9, 'Tiller truck', 'Union Wood State Emergency Service Dep. 4'),
(10, 'Hazmat Vehicle Unit', 'Union Wood State Emergency Service Dep. 4'),
(11, 'Command Unit', 'Union Wood State Emergency Service Dep. 4'),
(12, 'High Volume Pump', 'Union Wood State Emergency Service Dep. 4'),
(13, 'Medium Fire Rescue Unit', 'Union Wood State Emergency Service Dep. 4'),
(14, 'Medium Rescue Squad Unit', 'Union Wood State Emergency Service Dep. 4'),
(15, 'Rescue Pump', 'Union Wood State Emergency Service Dep. 4'),
(16, 'Operational Support Unit', 'Union Wood State Emergency Service Dep. 4'),
(17, 'Foam Tender Unit', 'Union Wood State Emergency Service Dep. 4'),
(0, 'Rescue Pump', 'Raven Point Wildlife Service Dep. 1'),
(1, 'Heavy Rescue Unit', 'Raven Point Wildlife Service Dep. 1'),
(2, 'Hazmat Vehicle Unit', 'Raven Point Wildlife Service Dep. 1'),
(3, 'Light Fire Rescue Unit', 'Raven Point Wildlife Service Dep. 1'),
(4, 'Tiller truck', 'Raven Point Wildlife Service Dep. 1'),
(5, 'Squad Truck Unit', 'Raven Point Wildlife Service Dep. 1'),
(6, 'Command Unit', 'Raven Point Wildlife Service Dep. 1'),
(7, 'Light Rescue Squad Unit', 'Raven Point Wildlife Service Dep. 1'),
(8, 'Medium Rescue Squad Unit', 'Raven Point Wildlife Service Dep. 1'),
(9, 'Medium Fire Rescue Unit', 'Raven Point Wildlife Service Dep. 1'),
(10, 'Tender truck', 'Raven Point Wildlife Service Dep. 1'),
(11, 'Command Support Unit', 'Raven Point Wildlife Service Dep. 1'),
(12, 'Platform Truck Unit', 'Raven Point Wildlife Service Dep. 1'),
(13, 'Foam Tender Unit', 'Raven Point Wildlife Service Dep. 1'),
(14, 'Fire Engine', 'Raven Point Wildlife Service Dep. 1'),
(15, 'High Volume Pump', 'Raven Point Wildlife Service Dep. 1'),
(16, 'Logistical Support Unit', 'Raven Point Wildlife Service Dep. 1'),
(17, 'Operational Support Unit', 'Raven Point Wildlife Service Dep. 1'),
(0, 'Operational Support Unit', 'Silvermine Mountains Park Service Dep. 3'),
(1, 'Tender truck', 'Silvermine Mountains Park Service Dep. 3'),
(2, 'Command Unit', 'Silvermine Mountains Park Service Dep. 3'),
(3, 'Platform Truck Unit', 'Silvermine Mountains Park Service Dep. 3'),
(4, 'Light Rescue Squad Unit', 'Silvermine Mountains Park Service Dep. 3'),
(5, 'High Volume Pump', 'Silvermine Mountains Park Service Dep. 3'),
(6, 'Squad Truck Unit', 'Silvermine Mountains Park Service Dep. 3'),
(7, 'Medium Fire Rescue Unit', 'Silvermine Mountains Park Service Dep. 3'),
(8, 'Rescue Pump', 'Silvermine Mountains Park Service Dep. 3'),
(9, 'Light Fire Rescue Unit', 'Silvermine Mountains Park Service Dep. 3'),
(10, 'Fire Engine', 'Silvermine Mountains Park Service Dep. 3'),
(11, 'Command Support Unit', 'Silvermine Mountains Park Service Dep. 3'),
(12, 'Heavy Rescue Unit', 'Silvermine Mountains Park Service Dep. 3'),
(13, 'Hazmat Vehicle Unit', 'Silvermine Mountains Park Service Dep. 3'),
(14, 'Foam Tender Unit', 'Silvermine Mountains Park Service Dep. 3'),
(15, 'Tiller truck', 'Silvermine Mountains Park Service Dep. 3'),
(16, 'Logistical Support Unit', 'Silvermine Mountains Park Service Dep. 3'),
(17, 'Medium Rescue Squad Unit', 'Silvermine Mountains Park Service Dep. 3'),
(0, 'Light Fire Rescue Unit', 'South Dublin National Park Service Dep. 4'),
(1, 'Tender truck', 'South Dublin National Park Service Dep. 4'),
(2, 'Medium Fire Rescue Unit', 'South Dublin National Park Service Dep. 4'),
(3, 'High Volume Pump', 'South Dublin National Park Service Dep. 4'),
(4, 'Operational Support Unit', 'South Dublin National Park Service Dep. 4'),
(5, 'Tiller truck', 'South Dublin National Park Service Dep. 4'),
(6, 'Light Rescue Squad Unit', 'South Dublin National Park Service Dep. 4'),
(7, 'Command Unit', 'South Dublin National Park Service Dep. 4'),
(8, 'Fire Engine', 'South Dublin National Park Service Dep. 4'),
(9, 'Foam Tender Unit', 'South Dublin National Park Service Dep. 4'),
(10, 'Medium Rescue Squad Unit', 'South Dublin National Park Service Dep. 4'),
(11, 'Platform Truck Unit', 'South Dublin National Park Service Dep. 4'),
(12, 'Hazmat Vehicle Unit', 'South Dublin National Park Service Dep. 4'),
(13, 'Rescue Pump', 'South Dublin National Park Service Dep. 4'),
(14, 'Logistical Support Unit', 'South Dublin National Park Service Dep. 4'),
(15, 'Command Support Unit', 'South Dublin National Park Service Dep. 4'),
(16, 'Heavy Rescue Unit', 'South Dublin National Park Service Dep. 4'),
(17, 'Squad Truck Unit', 'South Dublin National Park Service Dep. 4'),
(0, 'Squad Truck Unit', 'Blackstairs Mountains Fire Authority Dep. 6'),
(1, 'Logistical Support Unit', 'Blackstairs Mountains Fire Authority Dep. 6'),
(2, 'Platform Truck Unit', 'Blackstairs Mountains Fire Authority Dep. 6'),
(3, 'Medium Rescue Squad Unit', 'Blackstairs Mountains Fire Authority Dep. 6'),
(4, 'Tender truck', 'Blackstairs Mountains Fire Authority Dep. 6'),
(5, 'Hazmat Vehicle Unit', 'Blackstairs Mountains Fire Authority Dep. 6'),
(6, 'Command Support Unit', 'Blackstairs Mountains Fire Authority Dep. 6'),
(7, 'Tiller truck', 'Blackstairs Mountains Fire Authority Dep. 6'),
(8, 'Command Unit', 'Blackstairs Mountains Fire Authority Dep. 6'),
(9, 'Heavy Rescue Unit', 'Blackstairs Mountains Fire Authority Dep. 6'),
(10, 'Operational Support Unit', 'Blackstairs Mountains Fire Authority Dep. 6'),
(11, 'Fire Engine', 'Blackstairs Mountains Fire Authority Dep. 6'),
(12, 'Light Rescue Squad Unit', 'Blackstairs Mountains Fire Authority Dep. 6'),
(13, 'High Volume Pump', 'Blackstairs Mountains Fire Authority Dep. 6'),
(14, 'Rescue Pump', 'Blackstairs Mountains Fire Authority Dep. 6'),
(15, 'Light Fire Rescue Unit', 'Blackstairs Mountains Fire Authority Dep. 6'),
(16, 'Medium Fire Rescue Unit', 'Blackstairs Mountains Fire Authority Dep. 6'),
(17, 'Foam Tender Unit', 'Blackstairs Mountains Fire Authority Dep. 6'),
(0, 'Light Fire Rescue Unit', 'Inishmore Island Country Fire Authority Dep. 1'),
(1, 'High Volume Pump', 'Inishmore Island Country Fire Authority Dep. 1'),
(2, 'Tender truck', 'Inishmore Island Country Fire Authority Dep. 1'),
(3, 'Medium Fire Rescue Unit', 'Inishmore Island Country Fire Authority Dep. 1'),
(4, 'Command Unit', 'Inishmore Island Country Fire Authority Dep. 1'),
(5, 'Platform Truck Unit', 'Inishmore Island Country Fire Authority Dep. 1'),
(6, 'Command Support Unit', 'Inishmore Island Country Fire Authority Dep. 1'),
(7, 'Rescue Pump', 'Inishmore Island Country Fire Authority Dep. 1'),
(8, 'Light Rescue Squad Unit', 'Inishmore Island Country Fire Authority Dep. 1'),
(9, 'Foam Tender Unit', 'Inishmore Island Country Fire Authority Dep. 1'),
(10, 'Medium Rescue Squad Unit', 'Inishmore Island Country Fire Authority Dep. 1'),
(11, 'Hazmat Vehicle Unit', 'Inishmore Island Country Fire Authority Dep. 1'),
(12, 'Heavy Rescue Unit', 'Inishmore Island Country Fire Authority Dep. 1'),
(13, 'Tiller truck', 'Inishmore Island Country Fire Authority Dep. 1'),
(14, 'Squad Truck Unit', 'Inishmore Island Country Fire Authority Dep. 1'),
(15, 'Logistical Support Unit', 'Inishmore Island Country Fire Authority Dep. 1'),
(16, 'Fire Engine', 'Inishmore Island Country Fire Authority Dep. 1'),
(17, 'Operational Support Unit', 'Inishmore Island Country Fire Authority Dep. 1'),
(0, 'Foam Tender Unit', 'Knocksink Wood  Wildlife Service Dep. 2'),
(1, 'Operational Support Unit', 'Knocksink Wood  Wildlife Service Dep. 2'),
(2, 'Medium Fire Rescue Unit', 'Knocksink Wood  Wildlife Service Dep. 2'),
(3, 'Medium Rescue Squad Unit', 'Knocksink Wood  Wildlife Service Dep. 2'),
(4, 'Light Fire Rescue Unit', 'Knocksink Wood  Wildlife Service Dep. 2'),
(5, 'Hazmat Vehicle Unit', 'Knocksink Wood  Wildlife Service Dep. 2'),
(6, 'High Volume Pump', 'Knocksink Wood  Wildlife Service Dep. 2'),
(7, 'Fire Engine', 'Knocksink Wood  Wildlife Service Dep. 2'),
(8, 'Tiller truck', 'Knocksink Wood  Wildlife Service Dep. 2'),
(9, 'Heavy Rescue Unit', 'Knocksink Wood  Wildlife Service Dep. 2'),
(10, 'Command Support Unit', 'Knocksink Wood  Wildlife Service Dep. 2'),
(11, 'Logistical Support Unit', 'Knocksink Wood  Wildlife Service Dep. 2'),
(12, 'Light Rescue Squad Unit', 'Knocksink Wood  Wildlife Service Dep. 2'),
(13, 'Tender truck', 'Knocksink Wood  Wildlife Service Dep. 2'),
(14, 'Command Unit', 'Knocksink Wood  Wildlife Service Dep. 2'),
(15, 'Platform Truck Unit', 'Knocksink Wood  Wildlife Service Dep. 2'),
(16, 'Rescue Pump', 'Knocksink Wood  Wildlife Service Dep. 2'),
(17, 'Squad Truck Unit', 'Knocksink Wood  Wildlife Service Dep. 2'),
(0, 'Heavy Rescue Unit', 'Silvermine Mountains Park Service Dep. 4'),
(1, 'Logistical Support Unit', 'Silvermine Mountains Park Service Dep. 4'),
(2, 'Platform Truck Unit', 'Silvermine Mountains Park Service Dep. 4'),
(3, 'Light Fire Rescue Unit', 'Silvermine Mountains Park Service Dep. 4'),
(4, 'Rescue Pump', 'Silvermine Mountains Park Service Dep. 4'),
(5, 'Medium Rescue Squad Unit', 'Silvermine Mountains Park Service Dep. 4'),
(6, 'Tiller truck', 'Silvermine Mountains Park Service Dep. 4'),
(7, 'Fire Engine', 'Silvermine Mountains Park Service Dep. 4'),
(8, 'Hazmat Vehicle Unit', 'Silvermine Mountains Park Service Dep. 4'),
(9, 'Foam Tender Unit', 'Silvermine Mountains Park Service Dep. 4'),
(10, 'High Volume Pump', 'Silvermine Mountains Park Service Dep. 4'),
(11, 'Command Support Unit', 'Silvermine Mountains Park Service Dep. 4'),
(12, 'Command Unit', 'Silvermine Mountains Park Service Dep. 4'),
(13, 'Light Rescue Squad Unit', 'Silvermine Mountains Park Service Dep. 4'),
(14, 'Medium Fire Rescue Unit', 'Silvermine Mountains Park Service Dep. 4'),
(15, 'Tender truck', 'Silvermine Mountains Park Service Dep. 4'),
(16, 'Operational Support Unit', 'Silvermine Mountains Park Service Dep. 4'),
(17, 'Squad Truck Unit', 'Silvermine Mountains Park Service Dep. 4'),
(0, 'Operational Support Unit', 'Union Wood State Emergency Service Dep. 5'),
(1, 'Rescue Pump', 'Union Wood State Emergency Service Dep. 5'),
(2, 'Tender truck', 'Union Wood State Emergency Service Dep. 5'),
(3, 'Command Support Unit', 'Union Wood State Emergency Service Dep. 5'),
(4, 'Tiller truck', 'Union Wood State Emergency Service Dep. 5'),
(5, 'Medium Rescue Squad Unit', 'Union Wood State Emergency Service Dep. 5'),
(6, 'Light Rescue Squad Unit', 'Union Wood State Emergency Service Dep. 5'),
(7, 'Logistical Support Unit', 'Union Wood State Emergency Service Dep. 5'),
(8, 'Medium Fire Rescue Unit', 'Union Wood State Emergency Service Dep. 5'),
(9, 'Squad Truck Unit', 'Union Wood State Emergency Service Dep. 5'),
(10, 'Fire Engine', 'Union Wood State Emergency Service Dep. 5'),
(11, 'Hazmat Vehicle Unit', 'Union Wood State Emergency Service Dep. 5'),
(12, 'Platform Truck Unit', 'Union Wood State Emergency Service Dep. 5'),
(13, 'Heavy Rescue Unit', 'Union Wood State Emergency Service Dep. 5'),
(14, 'Light Fire Rescue Unit', 'Union Wood State Emergency Service Dep. 5'),
(15, 'Foam Tender Unit', 'Union Wood State Emergency Service Dep. 5'),
(16, 'Command Unit', 'Union Wood State Emergency Service Dep. 5'),
(17, 'High Volume Pump', 'Union Wood State Emergency Service Dep. 5'),
(0, 'Medium Rescue Squad Unit', 'Union Wood State Emergency Service Dep. 6'),
(1, 'Squad Truck Unit', 'Union Wood State Emergency Service Dep. 6'),
(2, 'Command Support Unit', 'Union Wood State Emergency Service Dep. 6'),
(3, 'Heavy Rescue Unit', 'Union Wood State Emergency Service Dep. 6'),
(4, 'Fire Engine', 'Union Wood State Emergency Service Dep. 6'),
(5, 'High Volume Pump', 'Union Wood State Emergency Service Dep. 6'),
(6, 'Foam Tender Unit', 'Union Wood State Emergency Service Dep. 6'),
(7, 'Hazmat Vehicle Unit', 'Union Wood State Emergency Service Dep. 6'),
(8, 'Operational Support Unit', 'Union Wood State Emergency Service Dep. 6'),
(9, 'Light Fire Rescue Unit', 'Union Wood State Emergency Service Dep. 6'),
(10, 'Medium Fire Rescue Unit', 'Union Wood State Emergency Service Dep. 6'),
(11, 'Command Unit', 'Union Wood State Emergency Service Dep. 6'),
(12, 'Rescue Pump', 'Union Wood State Emergency Service Dep. 6'),
(13, 'Logistical Support Unit', 'Union Wood State Emergency Service Dep. 6'),
(14, 'Tender truck', 'Union Wood State Emergency Service Dep. 6'),
(15, 'Platform Truck Unit', 'Union Wood State Emergency Service Dep. 6'),
(16, 'Light Rescue Squad Unit', 'Union Wood State Emergency Service Dep. 6'),
(17, 'Tiller truck', 'Union Wood State Emergency Service Dep. 6'),
(0, 'Platform Truck Unit', 'Clare Glen Fire Authority Dep. 1'),
(1, 'Tender truck', 'Clare Glen Fire Authority Dep. 1'),
(2, 'Medium Rescue Squad Unit', 'Clare Glen Fire Authority Dep. 1'),
(3, 'Squad Truck Unit', 'Clare Glen Fire Authority Dep. 1'),
(4, 'Foam Tender Unit', 'Clare Glen Fire Authority Dep. 1'),
(5, 'Command Unit', 'Clare Glen Fire Authority Dep. 1'),
(6, 'Medium Fire Rescue Unit', 'Clare Glen Fire Authority Dep. 1'),
(7, 'Rescue Pump', 'Clare Glen Fire Authority Dep. 1'),
(8, 'Tiller truck', 'Clare Glen Fire Authority Dep. 1'),
(9, 'Command Support Unit', 'Clare Glen Fire Authority Dep. 1'),
(10, 'Heavy Rescue Unit', 'Clare Glen Fire Authority Dep. 1'),
(11, 'Light Rescue Squad Unit', 'Clare Glen Fire Authority Dep. 1'),
(12, 'Light Fire Rescue Unit', 'Clare Glen Fire Authority Dep. 1'),
(13, 'Fire Engine', 'Clare Glen Fire Authority Dep. 1'),
(14, 'Operational Support Unit', 'Clare Glen Fire Authority Dep. 1'),
(15, 'Hazmat Vehicle Unit', 'Clare Glen Fire Authority Dep. 1'),
(16, 'High Volume Pump', 'Clare Glen Fire Authority Dep. 1'),
(17, 'Logistical Support Unit', 'Clare Glen Fire Authority Dep. 1'),
(0, 'Platform Truck Unit', 'Silvermine Mountains Park Service Dep. 5'),
(1, 'Heavy Rescue Unit', 'Silvermine Mountains Park Service Dep. 5'),
(2, 'Foam Tender Unit', 'Silvermine Mountains Park Service Dep. 5'),
(3, 'Command Unit', 'Silvermine Mountains Park Service Dep. 5'),
(4, 'Tender truck', 'Silvermine Mountains Park Service Dep. 5'),
(5, 'High Volume Pump', 'Silvermine Mountains Park Service Dep. 5'),
(6, 'Medium Rescue Squad Unit', 'Silvermine Mountains Park Service Dep. 5'),
(7, 'Logistical Support Unit', 'Silvermine Mountains Park Service Dep. 5'),
(8, 'Hazmat Vehicle Unit', 'Silvermine Mountains Park Service Dep. 5'),
(9, 'Squad Truck Unit', 'Silvermine Mountains Park Service Dep. 5'),
(10, 'Rescue Pump', 'Silvermine Mountains Park Service Dep. 5'),
(11, 'Command Support Unit', 'Silvermine Mountains Park Service Dep. 5'),
(12, 'Light Fire Rescue Unit', 'Silvermine Mountains Park Service Dep. 5'),
(13, 'Tiller truck', 'Silvermine Mountains Park Service Dep. 5'),
(14, 'Medium Fire Rescue Unit', 'Silvermine Mountains Park Service Dep. 5'),
(15, 'Light Rescue Squad Unit', 'Silvermine Mountains Park Service Dep. 5'),
(16, 'Fire Engine', 'Silvermine Mountains Park Service Dep. 5'),
(17, 'Operational Support Unit', 'Silvermine Mountains Park Service Dep. 5'),
(0, 'Operational Support Unit', 'Union Wood State Emergency Service Dep. 3'),
(1, 'Logistical Support Unit', 'Union Wood State Emergency Service Dep. 3'),
(2, 'Light Fire Rescue Unit', 'Union Wood State Emergency Service Dep. 3'),
(3, 'Tender truck', 'Union Wood State Emergency Service Dep. 3'),
(4, 'Foam Tender Unit', 'Union Wood State Emergency Service Dep. 3'),
(5, 'Light Rescue Squad Unit', 'Union Wood State Emergency Service Dep. 3'),
(6, 'Medium Fire Rescue Unit', 'Union Wood State Emergency Service Dep. 3'),
(7, 'Medium Rescue Squad Unit', 'Union Wood State Emergency Service Dep. 3'),
(8, 'Heavy Rescue Unit', 'Union Wood State Emergency Service Dep. 3'),
(9, 'Fire Engine', 'Union Wood State Emergency Service Dep. 3'),
(10, 'Hazmat Vehicle Unit', 'Union Wood State Emergency Service Dep. 3'),
(11, 'Platform Truck Unit', 'Union Wood State Emergency Service Dep. 3'),
(12, 'Command Support Unit', 'Union Wood State Emergency Service Dep. 3'),
(13, 'Tiller truck', 'Union Wood State Emergency Service Dep. 3'),
(14, 'Command Unit', 'Union Wood State Emergency Service Dep. 3'),
(15, 'High Volume Pump', 'Union Wood State Emergency Service Dep. 3'),
(16, 'Rescue Pump', 'Union Wood State Emergency Service Dep. 3'),
(17, 'Squad Truck Unit', 'Union Wood State Emergency Service Dep. 3'),
(0, 'Tiller truck', 'South Dublin National Park Service Dep. 6'),
(1, 'Rescue Pump', 'South Dublin National Park Service Dep. 6'),
(2, 'Command Support Unit', 'South Dublin National Park Service Dep. 6'),
(3, 'Operational Support Unit', 'South Dublin National Park Service Dep. 6'),
(4, 'Light Fire Rescue Unit', 'South Dublin National Park Service Dep. 6'),
(5, 'Light Rescue Squad Unit', 'South Dublin National Park Service Dep. 6'),
(6, 'Fire Engine', 'South Dublin National Park Service Dep. 6'),
(7, 'Command Unit', 'South Dublin National Park Service Dep. 6'),
(8, 'Heavy Rescue Unit', 'South Dublin National Park Service Dep. 6'),
(9, 'Squad Truck Unit', 'South Dublin National Park Service Dep. 6'),
(10, 'Platform Truck Unit', 'South Dublin National Park Service Dep. 6'),
(11, 'High Volume Pump', 'South Dublin National Park Service Dep. 6'),
(12, 'Medium Fire Rescue Unit', 'South Dublin National Park Service Dep. 6'),
(13, 'Tender truck', 'South Dublin National Park Service Dep. 6'),
(14, 'Foam Tender Unit', 'South Dublin National Park Service Dep. 6'),
(15, 'Logistical Support Unit', 'South Dublin National Park Service Dep. 6'),
(16, 'Medium Rescue Squad Unit', 'South Dublin National Park Service Dep. 6'),
(17, 'Hazmat Vehicle Unit', 'South Dublin National Park Service Dep. 6');

INSERT INTO MeioApoio
VALUES  (0, 'Cullahill Mountain Fire Protection Dep. 5'),
(3, 'Cullahill Mountain Fire Protection Dep. 5'),
(6, 'Cullahill Mountain Fire Protection Dep. 5'),
(13, 'Cullahill Mountain Fire Protection Dep. 5'),
(14, 'Cullahill Mountain Fire Protection Dep. 5'),
(16, 'Cullahill Mountain Fire Protection Dep. 5'),
(3, 'Inishmore Island Country Fire Authority Dep. 5'),
(7, 'Inishmore Island Country Fire Authority Dep. 5'),
(13, 'Inishmore Island Country Fire Authority Dep. 5'),
(14, 'Inishmore Island Country Fire Authority Dep. 5'),
(16, 'Inishmore Island Country Fire Authority Dep. 5'),
(17, 'Inishmore Island Country Fire Authority Dep. 5'),
(6, 'Glenomra Wood Rural Fire Service Dep. 6'),
(8, 'Glenomra Wood Rural Fire Service Dep. 6'),
(12, 'Glenomra Wood Rural Fire Service Dep. 6'),
(13, 'Glenomra Wood Rural Fire Service Dep. 6'),
(14, 'Glenomra Wood Rural Fire Service Dep. 6'),
(17, 'Glenomra Wood Rural Fire Service Dep. 6'),
(5, 'Silvermine Mountains Park Service Dep. 6'),
(6, 'Silvermine Mountains Park Service Dep. 6'),
(11, 'Silvermine Mountains Park Service Dep. 6'),
(12, 'Silvermine Mountains Park Service Dep. 6'),
(13, 'Silvermine Mountains Park Service Dep. 6'),
(16, 'Silvermine Mountains Park Service Dep. 6'),
(0, 'South Dublin Forest Service Dep. 1'),
(4, 'South Dublin Forest Service Dep. 1'),
(13, 'South Dublin Forest Service Dep. 1'),
(15, 'South Dublin Forest Service Dep. 1'),
(16, 'South Dublin Forest Service Dep. 1'),
(17, 'South Dublin Forest Service Dep. 1'),
(3, 'Inishmore Island Rural Fire Service Dep. 5'),
(8, 'Inishmore Island Rural Fire Service Dep. 5'),
(13, 'Inishmore Island Rural Fire Service Dep. 5'),
(15, 'Inishmore Island Rural Fire Service Dep. 5'),
(16, 'Inishmore Island Rural Fire Service Dep. 5'),
(17, 'Inishmore Island Rural Fire Service Dep. 5'),
(2, 'Union Wood State Emergency Service Dep. 4'),
(3, 'Union Wood State Emergency Service Dep. 4'),
(7, 'Union Wood State Emergency Service Dep. 4'),
(10, 'Union Wood State Emergency Service Dep. 4'),
(16, 'Union Wood State Emergency Service Dep. 4'),
(17, 'Union Wood State Emergency Service Dep. 4'),
(2, 'Raven Point Wildlife Service Dep. 1'),
(11, 'Raven Point Wildlife Service Dep. 1'),
(12, 'Raven Point Wildlife Service Dep. 1'),
(13, 'Raven Point Wildlife Service Dep. 1'),
(16, 'Raven Point Wildlife Service Dep. 1'),
(17, 'Raven Point Wildlife Service Dep. 1'),
(0, 'Silvermine Mountains Park Service Dep. 3'),
(3, 'Silvermine Mountains Park Service Dep. 3'),
(11, 'Silvermine Mountains Park Service Dep. 3'),
(13, 'Silvermine Mountains Park Service Dep. 3'),
(14, 'Silvermine Mountains Park Service Dep. 3'),
(16, 'Silvermine Mountains Park Service Dep. 3'),
(4, 'South Dublin National Park Service Dep. 4'),
(9, 'South Dublin National Park Service Dep. 4'),
(11, 'South Dublin National Park Service Dep. 4'),
(12, 'South Dublin National Park Service Dep. 4'),
(14, 'South Dublin National Park Service Dep. 4'),
(15, 'South Dublin National Park Service Dep. 4'),
(1, 'Blackstairs Mountains Fire Authority Dep. 6'),
(2, 'Blackstairs Mountains Fire Authority Dep. 6'),
(5, 'Blackstairs Mountains Fire Authority Dep. 6'),
(6, 'Blackstairs Mountains Fire Authority Dep. 6'),
(10, 'Blackstairs Mountains Fire Authority Dep. 6'),
(17, 'Blackstairs Mountains Fire Authority Dep. 6'),
(5, 'Inishmore Island Country Fire Authority Dep. 1'),
(6, 'Inishmore Island Country Fire Authority Dep. 1'),
(9, 'Inishmore Island Country Fire Authority Dep. 1'),
(11, 'Inishmore Island Country Fire Authority Dep. 1'),
(15, 'Inishmore Island Country Fire Authority Dep. 1'),
(17, 'Inishmore Island Country Fire Authority Dep. 1'),
(0, 'Knocksink Wood  Wildlife Service Dep. 2'),
(1, 'Knocksink Wood  Wildlife Service Dep. 2'),
(5, 'Knocksink Wood  Wildlife Service Dep. 2'),
(10, 'Knocksink Wood  Wildlife Service Dep. 2'),
(11, 'Knocksink Wood  Wildlife Service Dep. 2'),
(15, 'Knocksink Wood  Wildlife Service Dep. 2'),
(1, 'Silvermine Mountains Park Service Dep. 4'),
(2, 'Silvermine Mountains Park Service Dep. 4'),
(8, 'Silvermine Mountains Park Service Dep. 4'),
(9, 'Silvermine Mountains Park Service Dep. 4'),
(11, 'Silvermine Mountains Park Service Dep. 4'),
(16, 'Silvermine Mountains Park Service Dep. 4'),
(0, 'Union Wood State Emergency Service Dep. 5'),
(3, 'Union Wood State Emergency Service Dep. 5'),
(7, 'Union Wood State Emergency Service Dep. 5'),
(11, 'Union Wood State Emergency Service Dep. 5'),
(12, 'Union Wood State Emergency Service Dep. 5'),
(15, 'Union Wood State Emergency Service Dep. 5'),
(2, 'Union Wood State Emergency Service Dep. 6'),
(6, 'Union Wood State Emergency Service Dep. 6'),
(7, 'Union Wood State Emergency Service Dep. 6'),
(8, 'Union Wood State Emergency Service Dep. 6'),
(13, 'Union Wood State Emergency Service Dep. 6'),
(15, 'Union Wood State Emergency Service Dep. 6'),
(0, 'Clare Glen Fire Authority Dep. 1'),
(4, 'Clare Glen Fire Authority Dep. 1'),
(9, 'Clare Glen Fire Authority Dep. 1'),
(14, 'Clare Glen Fire Authority Dep. 1'),
(15, 'Clare Glen Fire Authority Dep. 1'),
(17, 'Clare Glen Fire Authority Dep. 1'),
(0, 'Silvermine Mountains Park Service Dep. 5'),
(2, 'Silvermine Mountains Park Service Dep. 5'),
(7, 'Silvermine Mountains Park Service Dep. 5'),
(8, 'Silvermine Mountains Park Service Dep. 5'),
(11, 'Silvermine Mountains Park Service Dep. 5'),
(17, 'Silvermine Mountains Park Service Dep. 5'),
(0, 'Union Wood State Emergency Service Dep. 3'),
(1, 'Union Wood State Emergency Service Dep. 3'),
(4, 'Union Wood State Emergency Service Dep. 3'),
(10, 'Union Wood State Emergency Service Dep. 3'),
(11, 'Union Wood State Emergency Service Dep. 3'),
(12, 'Union Wood State Emergency Service Dep. 3'),
(2, 'South Dublin National Park Service Dep. 6'),
(3, 'South Dublin National Park Service Dep. 6'),
(10, 'South Dublin National Park Service Dep. 6'),
(14, 'South Dublin National Park Service Dep. 6'),
(15, 'South Dublin National Park Service Dep. 6'),
(17, 'South Dublin National Park Service Dep. 6');

INSERT INTO MeioSocorro
VALUES  (2, 'Cullahill Mountain Fire Protection Dep. 5'),
(4, 'Cullahill Mountain Fire Protection Dep. 5'),
(5, 'Cullahill Mountain Fire Protection Dep. 5'),
(9, 'Cullahill Mountain Fire Protection Dep. 5'),
(15, 'Cullahill Mountain Fire Protection Dep. 5'),
(17, 'Cullahill Mountain Fire Protection Dep. 5'),
(1, 'Inishmore Island Country Fire Authority Dep. 5'),
(4, 'Inishmore Island Country Fire Authority Dep. 5'),
(6, 'Inishmore Island Country Fire Authority Dep. 5'),
(9, 'Inishmore Island Country Fire Authority Dep. 5'),
(10, 'Inishmore Island Country Fire Authority Dep. 5'),
(11, 'Inishmore Island Country Fire Authority Dep. 5'),
(1, 'Glenomra Wood Rural Fire Service Dep. 6'),
(2, 'Glenomra Wood Rural Fire Service Dep. 6'),
(3, 'Glenomra Wood Rural Fire Service Dep. 6'),
(4, 'Glenomra Wood Rural Fire Service Dep. 6'),
(15, 'Glenomra Wood Rural Fire Service Dep. 6'),
(16, 'Glenomra Wood Rural Fire Service Dep. 6'),
(4, 'Silvermine Mountains Park Service Dep. 6'),
(7, 'Silvermine Mountains Park Service Dep. 6'),
(8, 'Silvermine Mountains Park Service Dep. 6'),
(9, 'Silvermine Mountains Park Service Dep. 6'),
(14, 'Silvermine Mountains Park Service Dep. 6'),
(17, 'Silvermine Mountains Park Service Dep. 6'),
(1, 'South Dublin Forest Service Dep. 1'),
(2, 'South Dublin Forest Service Dep. 1'),
(6, 'South Dublin Forest Service Dep. 1'),
(7, 'South Dublin Forest Service Dep. 1'),
(9, 'South Dublin Forest Service Dep. 1'),
(12, 'South Dublin Forest Service Dep. 1'),
(1, 'Inishmore Island Rural Fire Service Dep. 5'),
(4, 'Inishmore Island Rural Fire Service Dep. 5'),
(5, 'Inishmore Island Rural Fire Service Dep. 5'),
(9, 'Inishmore Island Rural Fire Service Dep. 5'),
(10, 'Inishmore Island Rural Fire Service Dep. 5'),
(11, 'Inishmore Island Rural Fire Service Dep. 5'),
(0, 'Union Wood State Emergency Service Dep. 4'),
(1, 'Union Wood State Emergency Service Dep. 4'),
(4, 'Union Wood State Emergency Service Dep. 4'),
(8, 'Union Wood State Emergency Service Dep. 4'),
(13, 'Union Wood State Emergency Service Dep. 4'),
(14, 'Union Wood State Emergency Service Dep. 4'),
(1, 'Raven Point Wildlife Service Dep. 1'),
(3, 'Raven Point Wildlife Service Dep. 1'),
(5, 'Raven Point Wildlife Service Dep. 1'),
(7, 'Raven Point Wildlife Service Dep. 1'),
(8, 'Raven Point Wildlife Service Dep. 1'),
(9, 'Raven Point Wildlife Service Dep. 1'),
(4, 'Silvermine Mountains Park Service Dep. 3'),
(6, 'Silvermine Mountains Park Service Dep. 3'),
(7, 'Silvermine Mountains Park Service Dep. 3'),
(9, 'Silvermine Mountains Park Service Dep. 3'),
(12, 'Silvermine Mountains Park Service Dep. 3'),
(17, 'Silvermine Mountains Park Service Dep. 3'),
(0, 'South Dublin National Park Service Dep. 4'),
(2, 'South Dublin National Park Service Dep. 4'),
(6, 'South Dublin National Park Service Dep. 4'),
(10, 'South Dublin National Park Service Dep. 4'),
(16, 'South Dublin National Park Service Dep. 4'),
(17, 'South Dublin National Park Service Dep. 4'),
(0, 'Blackstairs Mountains Fire Authority Dep. 6'),
(3, 'Blackstairs Mountains Fire Authority Dep. 6'),
(9, 'Blackstairs Mountains Fire Authority Dep. 6'),
(12, 'Blackstairs Mountains Fire Authority Dep. 6'),
(15, 'Blackstairs Mountains Fire Authority Dep. 6'),
(16, 'Blackstairs Mountains Fire Authority Dep. 6'),
(0, 'Inishmore Island Country Fire Authority Dep. 1'),
(3, 'Inishmore Island Country Fire Authority Dep. 1'),
(8, 'Inishmore Island Country Fire Authority Dep. 1'),
(10, 'Inishmore Island Country Fire Authority Dep. 1'),
(12, 'Inishmore Island Country Fire Authority Dep. 1'),
(14, 'Inishmore Island Country Fire Authority Dep. 1'),
(2, 'Knocksink Wood  Wildlife Service Dep. 2'),
(3, 'Knocksink Wood  Wildlife Service Dep. 2'),
(4, 'Knocksink Wood  Wildlife Service Dep. 2'),
(9, 'Knocksink Wood  Wildlife Service Dep. 2'),
(12, 'Knocksink Wood  Wildlife Service Dep. 2'),
(17, 'Knocksink Wood  Wildlife Service Dep. 2'),
(0, 'Silvermine Mountains Park Service Dep. 4'),
(3, 'Silvermine Mountains Park Service Dep. 4'),
(5, 'Silvermine Mountains Park Service Dep. 4'),
(13, 'Silvermine Mountains Park Service Dep. 4'),
(14, 'Silvermine Mountains Park Service Dep. 4'),
(17, 'Silvermine Mountains Park Service Dep. 4'),
(5, 'Union Wood State Emergency Service Dep. 5'),
(6, 'Union Wood State Emergency Service Dep. 5'),
(8, 'Union Wood State Emergency Service Dep. 5'),
(9, 'Union Wood State Emergency Service Dep. 5'),
(13, 'Union Wood State Emergency Service Dep. 5'),
(14, 'Union Wood State Emergency Service Dep. 5'),
(0, 'Union Wood State Emergency Service Dep. 6'),
(1, 'Union Wood State Emergency Service Dep. 6'),
(3, 'Union Wood State Emergency Service Dep. 6'),
(9, 'Union Wood State Emergency Service Dep. 6'),
(10, 'Union Wood State Emergency Service Dep. 6'),
(16, 'Union Wood State Emergency Service Dep. 6'),
(2, 'Clare Glen Fire Authority Dep. 1'),
(3, 'Clare Glen Fire Authority Dep. 1'),
(6, 'Clare Glen Fire Authority Dep. 1'),
(10, 'Clare Glen Fire Authority Dep. 1'),
(11, 'Clare Glen Fire Authority Dep. 1'),
(12, 'Clare Glen Fire Authority Dep. 1'),
(1, 'Silvermine Mountains Park Service Dep. 5'),
(6, 'Silvermine Mountains Park Service Dep. 5'),
(9, 'Silvermine Mountains Park Service Dep. 5'),
(12, 'Silvermine Mountains Park Service Dep. 5'),
(14, 'Silvermine Mountains Park Service Dep. 5'),
(15, 'Silvermine Mountains Park Service Dep. 5'),
(2, 'Union Wood State Emergency Service Dep. 3'),
(5, 'Union Wood State Emergency Service Dep. 3'),
(6, 'Union Wood State Emergency Service Dep. 3'),
(7, 'Union Wood State Emergency Service Dep. 3'),
(8, 'Union Wood State Emergency Service Dep. 3'),
(17, 'Union Wood State Emergency Service Dep. 3'),
(4, 'South Dublin National Park Service Dep. 6'),
(5, 'South Dublin National Park Service Dep. 6'),
(8, 'South Dublin National Park Service Dep. 6'),
(9, 'South Dublin National Park Service Dep. 6'),
(12, 'South Dublin National Park Service Dep. 6'),
(16, 'South Dublin National Park Service Dep. 6');

INSERT INTO MeioCombate
VALUES  (1, 'Cullahill Mountain Fire Protection Dep. 5'),
(7, 'Cullahill Mountain Fire Protection Dep. 5'),
(8, 'Cullahill Mountain Fire Protection Dep. 5'),
(10, 'Cullahill Mountain Fire Protection Dep. 5'),
(11, 'Cullahill Mountain Fire Protection Dep. 5'),
(12, 'Cullahill Mountain Fire Protection Dep. 5'),
(0, 'Inishmore Island Country Fire Authority Dep. 5'),
(2, 'Inishmore Island Country Fire Authority Dep. 5'),
(5, 'Inishmore Island Country Fire Authority Dep. 5'),
(8, 'Inishmore Island Country Fire Authority Dep. 5'),
(12, 'Inishmore Island Country Fire Authority Dep. 5'),
(15, 'Inishmore Island Country Fire Authority Dep. 5'),
(0, 'Glenomra Wood Rural Fire Service Dep. 6'),
(5, 'Glenomra Wood Rural Fire Service Dep. 6'),
(7, 'Glenomra Wood Rural Fire Service Dep. 6'),
(9, 'Glenomra Wood Rural Fire Service Dep. 6'),
(10, 'Glenomra Wood Rural Fire Service Dep. 6'),
(11, 'Glenomra Wood Rural Fire Service Dep. 6'),
(0, 'Silvermine Mountains Park Service Dep. 6'),
(1, 'Silvermine Mountains Park Service Dep. 6'),
(2, 'Silvermine Mountains Park Service Dep. 6'),
(3, 'Silvermine Mountains Park Service Dep. 6'),
(10, 'Silvermine Mountains Park Service Dep. 6'),
(15, 'Silvermine Mountains Park Service Dep. 6'),
(3, 'South Dublin Forest Service Dep. 1'),
(5, 'South Dublin Forest Service Dep. 1'),
(8, 'South Dublin Forest Service Dep. 1'),
(10, 'South Dublin Forest Service Dep. 1'),
(11, 'South Dublin Forest Service Dep. 1'),
(14, 'South Dublin Forest Service Dep. 1'),
(0, 'Inishmore Island Rural Fire Service Dep. 5'),
(2, 'Inishmore Island Rural Fire Service Dep. 5'),
(6, 'Inishmore Island Rural Fire Service Dep. 5'),
(7, 'Inishmore Island Rural Fire Service Dep. 5'),
(12, 'Inishmore Island Rural Fire Service Dep. 5'),
(14, 'Inishmore Island Rural Fire Service Dep. 5'),
(5, 'Union Wood State Emergency Service Dep. 4'),
(6, 'Union Wood State Emergency Service Dep. 4'),
(9, 'Union Wood State Emergency Service Dep. 4'),
(11, 'Union Wood State Emergency Service Dep. 4'),
(12, 'Union Wood State Emergency Service Dep. 4'),
(15, 'Union Wood State Emergency Service Dep. 4'),
(0, 'Raven Point Wildlife Service Dep. 1'),
(4, 'Raven Point Wildlife Service Dep. 1'),
(6, 'Raven Point Wildlife Service Dep. 1'),
(10, 'Raven Point Wildlife Service Dep. 1'),
(14, 'Raven Point Wildlife Service Dep. 1'),
(15, 'Raven Point Wildlife Service Dep. 1'),
(1, 'Silvermine Mountains Park Service Dep. 3'),
(2, 'Silvermine Mountains Park Service Dep. 3'),
(5, 'Silvermine Mountains Park Service Dep. 3'),
(8, 'Silvermine Mountains Park Service Dep. 3'),
(10, 'Silvermine Mountains Park Service Dep. 3'),
(15, 'Silvermine Mountains Park Service Dep. 3'),
(1, 'South Dublin National Park Service Dep. 4'),
(3, 'South Dublin National Park Service Dep. 4'),
(5, 'South Dublin National Park Service Dep. 4'),
(7, 'South Dublin National Park Service Dep. 4'),
(8, 'South Dublin National Park Service Dep. 4'),
(13, 'South Dublin National Park Service Dep. 4'),
(4, 'Blackstairs Mountains Fire Authority Dep. 6'),
(7, 'Blackstairs Mountains Fire Authority Dep. 6'),
(8, 'Blackstairs Mountains Fire Authority Dep. 6'),
(11, 'Blackstairs Mountains Fire Authority Dep. 6'),
(13, 'Blackstairs Mountains Fire Authority Dep. 6'),
(14, 'Blackstairs Mountains Fire Authority Dep. 6'),
(1, 'Inishmore Island Country Fire Authority Dep. 1'),
(2, 'Inishmore Island Country Fire Authority Dep. 1'),
(4, 'Inishmore Island Country Fire Authority Dep. 1'),
(7, 'Inishmore Island Country Fire Authority Dep. 1'),
(13, 'Inishmore Island Country Fire Authority Dep. 1'),
(16, 'Inishmore Island Country Fire Authority Dep. 1'),
(6, 'Knocksink Wood  Wildlife Service Dep. 2'),
(7, 'Knocksink Wood  Wildlife Service Dep. 2'),
(8, 'Knocksink Wood  Wildlife Service Dep. 2'),
(13, 'Knocksink Wood  Wildlife Service Dep. 2'),
(14, 'Knocksink Wood  Wildlife Service Dep. 2'),
(16, 'Knocksink Wood  Wildlife Service Dep. 2'),
(4, 'Silvermine Mountains Park Service Dep. 4'),
(6, 'Silvermine Mountains Park Service Dep. 4'),
(7, 'Silvermine Mountains Park Service Dep. 4'),
(10, 'Silvermine Mountains Park Service Dep. 4'),
(12, 'Silvermine Mountains Park Service Dep. 4'),
(15, 'Silvermine Mountains Park Service Dep. 4'),
(1, 'Union Wood State Emergency Service Dep. 5'),
(2, 'Union Wood State Emergency Service Dep. 5'),
(4, 'Union Wood State Emergency Service Dep. 5'),
(10, 'Union Wood State Emergency Service Dep. 5'),
(16, 'Union Wood State Emergency Service Dep. 5'),
(17, 'Union Wood State Emergency Service Dep. 5'),
(4, 'Union Wood State Emergency Service Dep. 6'),
(5, 'Union Wood State Emergency Service Dep. 6'),
(11, 'Union Wood State Emergency Service Dep. 6'),
(12, 'Union Wood State Emergency Service Dep. 6'),
(14, 'Union Wood State Emergency Service Dep. 6'),
(17, 'Union Wood State Emergency Service Dep. 6'),
(1, 'Clare Glen Fire Authority Dep. 1'),
(5, 'Clare Glen Fire Authority Dep. 1'),
(7, 'Clare Glen Fire Authority Dep. 1'),
(8, 'Clare Glen Fire Authority Dep. 1'),
(13, 'Clare Glen Fire Authority Dep. 1'),
(16, 'Clare Glen Fire Authority Dep. 1'),
(3, 'Silvermine Mountains Park Service Dep. 5'),
(4, 'Silvermine Mountains Park Service Dep. 5'),
(5, 'Silvermine Mountains Park Service Dep. 5'),
(10, 'Silvermine Mountains Park Service Dep. 5'),
(13, 'Silvermine Mountains Park Service Dep. 5'),
(16, 'Silvermine Mountains Park Service Dep. 5'),
(3, 'Union Wood State Emergency Service Dep. 3'),
(9, 'Union Wood State Emergency Service Dep. 3'),
(13, 'Union Wood State Emergency Service Dep. 3'),
(14, 'Union Wood State Emergency Service Dep. 3'),
(15, 'Union Wood State Emergency Service Dep. 3'),
(16, 'Union Wood State Emergency Service Dep. 3'),
(0, 'South Dublin National Park Service Dep. 6'),
(1, 'South Dublin National Park Service Dep. 6'),
(6, 'South Dublin National Park Service Dep. 6'),
(7, 'South Dublin National Park Service Dep. 6'),
(11, 'South Dublin National Park Service Dep. 6'),
(13, 'South Dublin National Park Service Dep. 6');

INSERT INTO Alocado
VALUES  (0, 'Cullahill Mountain Fire Protection Dep. 5', 6, 95),
(3, 'Cullahill Mountain Fire Protection Dep. 5', 6, 11),
(6, 'Cullahill Mountain Fire Protection Dep. 5', 4, 14),
(13, 'Cullahill Mountain Fire Protection Dep. 5', 3, 36),
(14, 'Cullahill Mountain Fire Protection Dep. 5', 5, 95),
(16, 'Cullahill Mountain Fire Protection Dep. 5', 7, 21),
(3, 'Inishmore Island Country Fire Authority Dep. 5', 9, 61),
(7, 'Inishmore Island Country Fire Authority Dep. 5', 9, 53),
(13, 'Inishmore Island Country Fire Authority Dep. 5', 7, 97),
(14, 'Inishmore Island Country Fire Authority Dep. 5', 10, 35),
(16, 'Inishmore Island Country Fire Authority Dep. 5', 5, 43),
(17, 'Inishmore Island Country Fire Authority Dep. 5', 8, 84),
(6, 'Glenomra Wood Rural Fire Service Dep. 6', 8, 51),
(8, 'Glenomra Wood Rural Fire Service Dep. 6', 10, 39),
(12, 'Glenomra Wood Rural Fire Service Dep. 6', 3, 7),
(13, 'Glenomra Wood Rural Fire Service Dep. 6', 5, 39),
(14, 'Glenomra Wood Rural Fire Service Dep. 6', 9, 19),
(17, 'Glenomra Wood Rural Fire Service Dep. 6', 2, 66),
(5, 'Silvermine Mountains Park Service Dep. 6', 7, 82),
(6, 'Silvermine Mountains Park Service Dep. 6', 1, 76),
(11, 'Silvermine Mountains Park Service Dep. 6', 12, 12),
(12, 'Silvermine Mountains Park Service Dep. 6', 1, 29),
(13, 'Silvermine Mountains Park Service Dep. 6', 1, 70),
(16, 'Silvermine Mountains Park Service Dep. 6', 11, 10),
(0, 'South Dublin Forest Service Dep. 1', 7, 43),
(4, 'South Dublin Forest Service Dep. 1', 8, 8),
(13, 'South Dublin Forest Service Dep. 1', 2, 92),
(15, 'South Dublin Forest Service Dep. 1', 10, 24),
(16, 'South Dublin Forest Service Dep. 1', 4, 25),
(17, 'South Dublin Forest Service Dep. 1', 1, 52),
(3, 'Inishmore Island Rural Fire Service Dep. 5', 8, 77),
(8, 'Inishmore Island Rural Fire Service Dep. 5', 9, 95),
(13, 'Inishmore Island Rural Fire Service Dep. 5', 9, 96),
(15, 'Inishmore Island Rural Fire Service Dep. 5', 12, 22),
(16, 'Inishmore Island Rural Fire Service Dep. 5', 5, 58),
(17, 'Inishmore Island Rural Fire Service Dep. 5', 6, 83),
(2, 'Union Wood State Emergency Service Dep. 4', 10, 24),
(3, 'Union Wood State Emergency Service Dep. 4', 3, 59),
(7, 'Union Wood State Emergency Service Dep. 4', 6, 31),
(10, 'Union Wood State Emergency Service Dep. 4', 4, 83),
(16, 'Union Wood State Emergency Service Dep. 4', 9, 49),
(17, 'Union Wood State Emergency Service Dep. 4', 2, 40),
(2, 'Raven Point Wildlife Service Dep. 1', 2, 97),
(11, 'Raven Point Wildlife Service Dep. 1', 3, 43),
(12, 'Raven Point Wildlife Service Dep. 1', 8, 52),
(13, 'Raven Point Wildlife Service Dep. 1', 10, 82),
(16, 'Raven Point Wildlife Service Dep. 1', 8, 70),
(17, 'Raven Point Wildlife Service Dep. 1', 3, 5),
(0, 'Silvermine Mountains Park Service Dep. 3', 1, 99),
(3, 'Silvermine Mountains Park Service Dep. 3', 4, 86),
(11, 'Silvermine Mountains Park Service Dep. 3', 11, 64),
(13, 'Silvermine Mountains Park Service Dep. 3', 1, 20),
(14, 'Silvermine Mountains Park Service Dep. 3', 2, 13),
(16, 'Silvermine Mountains Park Service Dep. 3', 6, 78),
(4, 'South Dublin National Park Service Dep. 4', 9, 13),
(9, 'South Dublin National Park Service Dep. 4', 10, 57),
(11, 'South Dublin National Park Service Dep. 4', 5, 64),
(12, 'South Dublin National Park Service Dep. 4', 7, 63),
(14, 'South Dublin National Park Service Dep. 4', 7, 55),
(15, 'South Dublin National Park Service Dep. 4', 9, 94),
(1, 'Blackstairs Mountains Fire Authority Dep. 6', 10, 52),
(2, 'Blackstairs Mountains Fire Authority Dep. 6', 12, 77),
(5, 'Blackstairs Mountains Fire Authority Dep. 6', 10, 6),
(6, 'Blackstairs Mountains Fire Authority Dep. 6', 4, 58),
(10, 'Blackstairs Mountains Fire Authority Dep. 6', 11, 44),
(17, 'Blackstairs Mountains Fire Authority Dep. 6', 5, 96),
(5, 'Inishmore Island Country Fire Authority Dep. 1', 1, 47),
(6, 'Inishmore Island Country Fire Authority Dep. 1', 3, 69),
(9, 'Inishmore Island Country Fire Authority Dep. 1', 5, 56),
(11, 'Inishmore Island Country Fire Authority Dep. 1', 9, 56),
(15, 'Inishmore Island Country Fire Authority Dep. 1', 7, 44),
(17, 'Inishmore Island Country Fire Authority Dep. 1', 11, 38),
(0, 'Knocksink Wood  Wildlife Service Dep. 2', 7, 99),
(1, 'Knocksink Wood  Wildlife Service Dep. 2', 7, 54),
(5, 'Knocksink Wood  Wildlife Service Dep. 2', 4, 34),
(10, 'Knocksink Wood  Wildlife Service Dep. 2', 10, 70),
(11, 'Knocksink Wood  Wildlife Service Dep. 2', 11, 43),
(15, 'Knocksink Wood  Wildlife Service Dep. 2', 9, 30),
(1, 'Silvermine Mountains Park Service Dep. 4', 7, 30),
(2, 'Silvermine Mountains Park Service Dep. 4', 6, 15),
(8, 'Silvermine Mountains Park Service Dep. 4', 5, 97),
(9, 'Silvermine Mountains Park Service Dep. 4', 11, 10),
(11, 'Silvermine Mountains Park Service Dep. 4', 7, 63),
(16, 'Silvermine Mountains Park Service Dep. 4', 5, 46),
(0, 'Union Wood State Emergency Service Dep. 5', 5, 98),
(3, 'Union Wood State Emergency Service Dep. 5', 10, 49),
(7, 'Union Wood State Emergency Service Dep. 5', 4, 16),
(11, 'Union Wood State Emergency Service Dep. 5', 5, 1),
(12, 'Union Wood State Emergency Service Dep. 5', 11, 41),
(15, 'Union Wood State Emergency Service Dep. 5', 11, 88),
(2, 'Union Wood State Emergency Service Dep. 6', 3, 10),
(6, 'Union Wood State Emergency Service Dep. 6', 5, 87),
(7, 'Union Wood State Emergency Service Dep. 6', 1, 4),
(8, 'Union Wood State Emergency Service Dep. 6', 2, 46),
(13, 'Union Wood State Emergency Service Dep. 6', 6, 34),
(15, 'Union Wood State Emergency Service Dep. 6', 2, 53),
(0, 'Clare Glen Fire Authority Dep. 1', 4, 72),
(4, 'Clare Glen Fire Authority Dep. 1', 10, 86),
(9, 'Clare Glen Fire Authority Dep. 1', 4, 52),
(14, 'Clare Glen Fire Authority Dep. 1', 10, 88),
(15, 'Clare Glen Fire Authority Dep. 1', 7, 95),
(17, 'Clare Glen Fire Authority Dep. 1', 5, 75),
(0, 'Silvermine Mountains Park Service Dep. 5', 9, 43),
(2, 'Silvermine Mountains Park Service Dep. 5', 3, 79),
(7, 'Silvermine Mountains Park Service Dep. 5', 3, 41),
(8, 'Silvermine Mountains Park Service Dep. 5', 7, 6),
(11, 'Silvermine Mountains Park Service Dep. 5', 4, 57),
(17, 'Silvermine Mountains Park Service Dep. 5', 4, 95),
(0, 'Union Wood State Emergency Service Dep. 3', 11, 71),
(1, 'Union Wood State Emergency Service Dep. 3', 11, 32),
(4, 'Union Wood State Emergency Service Dep. 3', 2, 55),
(10, 'Union Wood State Emergency Service Dep. 3', 10, 70),
(11, 'Union Wood State Emergency Service Dep. 3', 12, 81),
(12, 'Union Wood State Emergency Service Dep. 3', 12, 19),
(2, 'South Dublin National Park Service Dep. 6', 5, 67),
(3, 'South Dublin National Park Service Dep. 6', 12, 92),
(10, 'South Dublin National Park Service Dep. 6', 11, 71),
(14, 'South Dublin National Park Service Dep. 6', 5, 30),
(15, 'South Dublin National Park Service Dep. 6', 6, 75),
(17, 'South Dublin National Park Service Dep. 6', 12, 93);

INSERT INTO Transporta
VALUES  (2, 'Cullahill Mountain Fire Protection Dep. 5', 2, 17),
(4, 'Cullahill Mountain Fire Protection Dep. 5', 4, 5),
(5, 'Cullahill Mountain Fire Protection Dep. 5', 0, 16),
(9, 'Cullahill Mountain Fire Protection Dep. 5', 2, 15),
(15, 'Cullahill Mountain Fire Protection Dep. 5', 4, 57),
(17, 'Cullahill Mountain Fire Protection Dep. 5', 4, 67),
(1, 'Inishmore Island Country Fire Authority Dep. 5', 0, 7),
(4, 'Inishmore Island Country Fire Authority Dep. 5', 0, 38),
(6, 'Inishmore Island Country Fire Authority Dep. 5', 3, 7),
(9, 'Inishmore Island Country Fire Authority Dep. 5', 2, 37),
(10, 'Inishmore Island Country Fire Authority Dep. 5', 5, 35),
(11, 'Inishmore Island Country Fire Authority Dep. 5', 3, 53),
(1, 'Glenomra Wood Rural Fire Service Dep. 6', 2, 95),
(2, 'Glenomra Wood Rural Fire Service Dep. 6', 1, 38),
(3, 'Glenomra Wood Rural Fire Service Dep. 6', 2, 98),
(4, 'Glenomra Wood Rural Fire Service Dep. 6', 5, 59),
(15, 'Glenomra Wood Rural Fire Service Dep. 6', 5, 35),
(16, 'Glenomra Wood Rural Fire Service Dep. 6', 5, 54),
(4, 'Silvermine Mountains Park Service Dep. 6', 5, 14),
(7, 'Silvermine Mountains Park Service Dep. 6', 2, 72),
(8, 'Silvermine Mountains Park Service Dep. 6', 1, 40),
(9, 'Silvermine Mountains Park Service Dep. 6', 5, 81),
(14, 'Silvermine Mountains Park Service Dep. 6', 0, 58),
(17, 'Silvermine Mountains Park Service Dep. 6', 3, 59),
(1, 'South Dublin Forest Service Dep. 1', 5, 89),
(2, 'South Dublin Forest Service Dep. 1', 1, 70),
(6, 'South Dublin Forest Service Dep. 1', 0, 73),
(7, 'South Dublin Forest Service Dep. 1', 1, 4),
(9, 'South Dublin Forest Service Dep. 1', 4, 56),
(12, 'South Dublin Forest Service Dep. 1', 3, 92),
(1, 'Inishmore Island Rural Fire Service Dep. 5', 4, 95),
(4, 'Inishmore Island Rural Fire Service Dep. 5', 4, 26),
(5, 'Inishmore Island Rural Fire Service Dep. 5', 1, 84),
(9, 'Inishmore Island Rural Fire Service Dep. 5', 5, 81),
(10, 'Inishmore Island Rural Fire Service Dep. 5', 4, 75),
(11, 'Inishmore Island Rural Fire Service Dep. 5', 4, 78),
(0, 'Union Wood State Emergency Service Dep. 4', 0, 23),
(1, 'Union Wood State Emergency Service Dep. 4', 3, 29),
(4, 'Union Wood State Emergency Service Dep. 4', 0, 5),
(8, 'Union Wood State Emergency Service Dep. 4', 3, 33),
(13, 'Union Wood State Emergency Service Dep. 4', 3, 41),
(14, 'Union Wood State Emergency Service Dep. 4', 4, 33),
(1, 'Raven Point Wildlife Service Dep. 1', 3, 51),
(3, 'Raven Point Wildlife Service Dep. 1', 4, 58),
(5, 'Raven Point Wildlife Service Dep. 1', 2, 82),
(7, 'Raven Point Wildlife Service Dep. 1', 5, 21),
(8, 'Raven Point Wildlife Service Dep. 1', 3, 89),
(9, 'Raven Point Wildlife Service Dep. 1', 5, 96),
(4, 'Silvermine Mountains Park Service Dep. 3', 3, 15),
(6, 'Silvermine Mountains Park Service Dep. 3', 2, 86),
(7, 'Silvermine Mountains Park Service Dep. 3', 1, 69),
(9, 'Silvermine Mountains Park Service Dep. 3', 1, 95),
(12, 'Silvermine Mountains Park Service Dep. 3', 2, 56),
(17, 'Silvermine Mountains Park Service Dep. 3', 4, 89),
(0, 'South Dublin National Park Service Dep. 4', 3, 51),
(2, 'South Dublin National Park Service Dep. 4', 0, 54),
(6, 'South Dublin National Park Service Dep. 4', 2, 19),
(10, 'South Dublin National Park Service Dep. 4', 3, 86),
(16, 'South Dublin National Park Service Dep. 4', 5, 50),
(17, 'South Dublin National Park Service Dep. 4', 0, 20),
(0, 'Blackstairs Mountains Fire Authority Dep. 6', 5, 19),
(3, 'Blackstairs Mountains Fire Authority Dep. 6', 1, 74),
(9, 'Blackstairs Mountains Fire Authority Dep. 6', 0, 97),
(12, 'Blackstairs Mountains Fire Authority Dep. 6', 0, 28),
(15, 'Blackstairs Mountains Fire Authority Dep. 6', 3, 21),
(16, 'Blackstairs Mountains Fire Authority Dep. 6', 2, 21),
(0, 'Inishmore Island Country Fire Authority Dep. 1', 4, 9),
(3, 'Inishmore Island Country Fire Authority Dep. 1', 1, 24),
(8, 'Inishmore Island Country Fire Authority Dep. 1', 3, 77),
(10, 'Inishmore Island Country Fire Authority Dep. 1', 5, 50),
(12, 'Inishmore Island Country Fire Authority Dep. 1', 4, 90),
(14, 'Inishmore Island Country Fire Authority Dep. 1', 1, 36),
(2, 'Knocksink Wood  Wildlife Service Dep. 2', 0, 41),
(3, 'Knocksink Wood  Wildlife Service Dep. 2', 1, 52),
(4, 'Knocksink Wood  Wildlife Service Dep. 2', 5, 28),
(9, 'Knocksink Wood  Wildlife Service Dep. 2', 4, 41),
(12, 'Knocksink Wood  Wildlife Service Dep. 2', 2, 30),
(17, 'Knocksink Wood  Wildlife Service Dep. 2', 3, 16),
(0, 'Silvermine Mountains Park Service Dep. 4', 1, 41),
(3, 'Silvermine Mountains Park Service Dep. 4', 3, 79),
(5, 'Silvermine Mountains Park Service Dep. 4', 5, 58),
(13, 'Silvermine Mountains Park Service Dep. 4', 3, 56),
(14, 'Silvermine Mountains Park Service Dep. 4', 2, 29),
(17, 'Silvermine Mountains Park Service Dep. 4', 1, 31),
(5, 'Union Wood State Emergency Service Dep. 5', 0, 94),
(6, 'Union Wood State Emergency Service Dep. 5', 3, 37),
(8, 'Union Wood State Emergency Service Dep. 5', 1, 16),
(9, 'Union Wood State Emergency Service Dep. 5', 4, 66),
(13, 'Union Wood State Emergency Service Dep. 5', 1, 39),
(14, 'Union Wood State Emergency Service Dep. 5', 0, 34),
(0, 'Union Wood State Emergency Service Dep. 6', 0, 22),
(1, 'Union Wood State Emergency Service Dep. 6', 2, 46),
(3, 'Union Wood State Emergency Service Dep. 6', 2, 15),
(9, 'Union Wood State Emergency Service Dep. 6', 0, 37),
(10, 'Union Wood State Emergency Service Dep. 6', 1, 35),
(16, 'Union Wood State Emergency Service Dep. 6', 0, 82),
(2, 'Clare Glen Fire Authority Dep. 1', 0, 59),
(3, 'Clare Glen Fire Authority Dep. 1', 5, 9),
(6, 'Clare Glen Fire Authority Dep. 1', 5, 70),
(10, 'Clare Glen Fire Authority Dep. 1', 2, 16),
(11, 'Clare Glen Fire Authority Dep. 1', 4, 73),
(12, 'Clare Glen Fire Authority Dep. 1', 4, 39),
(1, 'Silvermine Mountains Park Service Dep. 5', 3, 12),
(6, 'Silvermine Mountains Park Service Dep. 5', 3, 95),
(9, 'Silvermine Mountains Park Service Dep. 5', 3, 20),
(12, 'Silvermine Mountains Park Service Dep. 5', 5, 75),
(14, 'Silvermine Mountains Park Service Dep. 5', 5, 21),
(15, 'Silvermine Mountains Park Service Dep. 5', 3, 19),
(2, 'Union Wood State Emergency Service Dep. 3', 2, 16),
(5, 'Union Wood State Emergency Service Dep. 3', 4, 80),
(6, 'Union Wood State Emergency Service Dep. 3', 2, 37),
(7, 'Union Wood State Emergency Service Dep. 3', 3, 21),
(8, 'Union Wood State Emergency Service Dep. 3', 3, 26),
(17, 'Union Wood State Emergency Service Dep. 3', 3, 33),
(4, 'South Dublin National Park Service Dep. 6', 0, 55),
(5, 'South Dublin National Park Service Dep. 6', 1, 94),
(8, 'South Dublin National Park Service Dep. 6', 3, 56),
(9, 'South Dublin National Park Service Dep. 6', 0, 25),
(12, 'South Dublin National Park Service Dep. 6', 1, 59),
(16, 'South Dublin National Park Service Dep. 6', 0, 61);

INSERT INTO Acciona
VALUES  (0, 'Cullahill Mountain Fire Protection Dep. 5', 95),
(1, 'Cullahill Mountain Fire Protection Dep. 5', 36),
(2, 'Cullahill Mountain Fire Protection Dep. 5', 17),
(3, 'Cullahill Mountain Fire Protection Dep. 5', 11),
(4, 'Cullahill Mountain Fire Protection Dep. 5', 5),
(5, 'Cullahill Mountain Fire Protection Dep. 5', 16),
(6, 'Cullahill Mountain Fire Protection Dep. 5', 14),
(7, 'Cullahill Mountain Fire Protection Dep. 5', 23),
(8, 'Cullahill Mountain Fire Protection Dep. 5', 3),
(9, 'Cullahill Mountain Fire Protection Dep. 5', 15),
(10, 'Cullahill Mountain Fire Protection Dep. 5', 11),
(11, 'Cullahill Mountain Fire Protection Dep. 5', 85),
(12, 'Cullahill Mountain Fire Protection Dep. 5', 18),
(13, 'Cullahill Mountain Fire Protection Dep. 5', 36),
(14, 'Cullahill Mountain Fire Protection Dep. 5', 95),
(15, 'Cullahill Mountain Fire Protection Dep. 5', 57),
(16, 'Cullahill Mountain Fire Protection Dep. 5', 21),
(17, 'Cullahill Mountain Fire Protection Dep. 5', 67),
(0, 'Inishmore Island Country Fire Authority Dep. 5', 37),
(1, 'Inishmore Island Country Fire Authority Dep. 5', 7),
(2, 'Inishmore Island Country Fire Authority Dep. 5', 68),
(3, 'Inishmore Island Country Fire Authority Dep. 5', 61),
(4, 'Inishmore Island Country Fire Authority Dep. 5', 38),
(5, 'Inishmore Island Country Fire Authority Dep. 5', 17),
(6, 'Inishmore Island Country Fire Authority Dep. 5', 7),
(7, 'Inishmore Island Country Fire Authority Dep. 5', 53),
(8, 'Inishmore Island Country Fire Authority Dep. 5', 81),
(9, 'Inishmore Island Country Fire Authority Dep. 5', 37),
(10, 'Inishmore Island Country Fire Authority Dep. 5', 35),
(11, 'Inishmore Island Country Fire Authority Dep. 5', 53),
(12, 'Inishmore Island Country Fire Authority Dep. 5', 77),
(13, 'Inishmore Island Country Fire Authority Dep. 5', 97),
(14, 'Inishmore Island Country Fire Authority Dep. 5', 35),
(15, 'Inishmore Island Country Fire Authority Dep. 5', 35),
(16, 'Inishmore Island Country Fire Authority Dep. 5', 43),
(17, 'Inishmore Island Country Fire Authority Dep. 5', 84),
(0, 'Glenomra Wood Rural Fire Service Dep. 6', 14),
(1, 'Glenomra Wood Rural Fire Service Dep. 6', 95),
(2, 'Glenomra Wood Rural Fire Service Dep. 6', 38),
(3, 'Glenomra Wood Rural Fire Service Dep. 6', 98),
(4, 'Glenomra Wood Rural Fire Service Dep. 6', 59),
(5, 'Glenomra Wood Rural Fire Service Dep. 6', 30),
(6, 'Glenomra Wood Rural Fire Service Dep. 6', 51),
(7, 'Glenomra Wood Rural Fire Service Dep. 6', 26),
(8, 'Glenomra Wood Rural Fire Service Dep. 6', 39),
(9, 'Glenomra Wood Rural Fire Service Dep. 6', 37),
(10, 'Glenomra Wood Rural Fire Service Dep. 6', 50),
(11, 'Glenomra Wood Rural Fire Service Dep. 6', 50),
(12, 'Glenomra Wood Rural Fire Service Dep. 6', 7),
(13, 'Glenomra Wood Rural Fire Service Dep. 6', 39),
(14, 'Glenomra Wood Rural Fire Service Dep. 6', 19),
(15, 'Glenomra Wood Rural Fire Service Dep. 6', 35),
(16, 'Glenomra Wood Rural Fire Service Dep. 6', 54),
(17, 'Glenomra Wood Rural Fire Service Dep. 6', 66),
(0, 'Silvermine Mountains Park Service Dep. 6', 13),
(1, 'Silvermine Mountains Park Service Dep. 6', 58),
(2, 'Silvermine Mountains Park Service Dep. 6', 99),
(3, 'Silvermine Mountains Park Service Dep. 6', 7),
(4, 'Silvermine Mountains Park Service Dep. 6', 14),
(5, 'Silvermine Mountains Park Service Dep. 6', 82),
(6, 'Silvermine Mountains Park Service Dep. 6', 76),
(7, 'Silvermine Mountains Park Service Dep. 6', 72),
(8, 'Silvermine Mountains Park Service Dep. 6', 40),
(9, 'Silvermine Mountains Park Service Dep. 6', 81),
(10, 'Silvermine Mountains Park Service Dep. 6', 2),
(11, 'Silvermine Mountains Park Service Dep. 6', 12),
(12, 'Silvermine Mountains Park Service Dep. 6', 29),
(13, 'Silvermine Mountains Park Service Dep. 6', 70),
(14, 'Silvermine Mountains Park Service Dep. 6', 58),
(15, 'Silvermine Mountains Park Service Dep. 6', 49),
(16, 'Silvermine Mountains Park Service Dep. 6', 10),
(17, 'Silvermine Mountains Park Service Dep. 6', 59),
(0, 'South Dublin Forest Service Dep. 1', 43),
(1, 'South Dublin Forest Service Dep. 1', 89),
(2, 'South Dublin Forest Service Dep. 1', 70),
(3, 'South Dublin Forest Service Dep. 1', 39),
(4, 'South Dublin Forest Service Dep. 1', 8),
(5, 'South Dublin Forest Service Dep. 1', 29),
(6, 'South Dublin Forest Service Dep. 1', 73),
(7, 'South Dublin Forest Service Dep. 1', 4),
(8, 'South Dublin Forest Service Dep. 1', 31),
(9, 'South Dublin Forest Service Dep. 1', 56),
(10, 'South Dublin Forest Service Dep. 1', 29),
(11, 'South Dublin Forest Service Dep. 1', 3),
(12, 'South Dublin Forest Service Dep. 1', 92),
(13, 'South Dublin Forest Service Dep. 1', 92),
(14, 'South Dublin Forest Service Dep. 1', 69),
(15, 'South Dublin Forest Service Dep. 1', 24),
(16, 'South Dublin Forest Service Dep. 1', 25),
(17, 'South Dublin Forest Service Dep. 1', 52),
(0, 'Inishmore Island Rural Fire Service Dep. 5', 52),
(1, 'Inishmore Island Rural Fire Service Dep. 5', 95),
(2, 'Inishmore Island Rural Fire Service Dep. 5', 5),
(3, 'Inishmore Island Rural Fire Service Dep. 5', 77),
(4, 'Inishmore Island Rural Fire Service Dep. 5', 26),
(5, 'Inishmore Island Rural Fire Service Dep. 5', 84),
(6, 'Inishmore Island Rural Fire Service Dep. 5', 46),
(7, 'Inishmore Island Rural Fire Service Dep. 5', 56),
(8, 'Inishmore Island Rural Fire Service Dep. 5', 95),
(9, 'Inishmore Island Rural Fire Service Dep. 5', 81),
(10, 'Inishmore Island Rural Fire Service Dep. 5', 75),
(11, 'Inishmore Island Rural Fire Service Dep. 5', 78),
(12, 'Inishmore Island Rural Fire Service Dep. 5', 70),
(13, 'Inishmore Island Rural Fire Service Dep. 5', 96),
(14, 'Inishmore Island Rural Fire Service Dep. 5', 65),
(15, 'Inishmore Island Rural Fire Service Dep. 5', 22),
(16, 'Inishmore Island Rural Fire Service Dep. 5', 58),
(17, 'Inishmore Island Rural Fire Service Dep. 5', 83),
(0, 'Union Wood State Emergency Service Dep. 4', 23),
(1, 'Union Wood State Emergency Service Dep. 4', 29),
(2, 'Union Wood State Emergency Service Dep. 4', 24),
(3, 'Union Wood State Emergency Service Dep. 4', 59),
(4, 'Union Wood State Emergency Service Dep. 4', 5),
(5, 'Union Wood State Emergency Service Dep. 4', 87),
(6, 'Union Wood State Emergency Service Dep. 4', 45),
(7, 'Union Wood State Emergency Service Dep. 4', 31),
(8, 'Union Wood State Emergency Service Dep. 4', 33),
(9, 'Union Wood State Emergency Service Dep. 4', 84),
(10, 'Union Wood State Emergency Service Dep. 4', 83),
(11, 'Union Wood State Emergency Service Dep. 4', 89),
(12, 'Union Wood State Emergency Service Dep. 4', 23),
(13, 'Union Wood State Emergency Service Dep. 4', 41),
(14, 'Union Wood State Emergency Service Dep. 4', 33),
(15, 'Union Wood State Emergency Service Dep. 4', 86),
(16, 'Union Wood State Emergency Service Dep. 4', 49),
(17, 'Union Wood State Emergency Service Dep. 4', 40),
(0, 'Raven Point Wildlife Service Dep. 1', 29),
(1, 'Raven Point Wildlife Service Dep. 1', 51),
(2, 'Raven Point Wildlife Service Dep. 1', 97),
(3, 'Raven Point Wildlife Service Dep. 1', 58),
(4, 'Raven Point Wildlife Service Dep. 1', 45),
(5, 'Raven Point Wildlife Service Dep. 1', 82),
(6, 'Raven Point Wildlife Service Dep. 1', 58),
(7, 'Raven Point Wildlife Service Dep. 1', 21),
(8, 'Raven Point Wildlife Service Dep. 1', 89),
(9, 'Raven Point Wildlife Service Dep. 1', 96),
(10, 'Raven Point Wildlife Service Dep. 1', 17),
(11, 'Raven Point Wildlife Service Dep. 1', 43),
(12, 'Raven Point Wildlife Service Dep. 1', 52),
(13, 'Raven Point Wildlife Service Dep. 1', 82),
(14, 'Raven Point Wildlife Service Dep. 1', 13),
(15, 'Raven Point Wildlife Service Dep. 1', 35),
(16, 'Raven Point Wildlife Service Dep. 1', 70),
(17, 'Raven Point Wildlife Service Dep. 1', 5),
(0, 'Silvermine Mountains Park Service Dep. 3', 99),
(1, 'Silvermine Mountains Park Service Dep. 3', 62),
(2, 'Silvermine Mountains Park Service Dep. 3', 83),
(3, 'Silvermine Mountains Park Service Dep. 3', 86),
(4, 'Silvermine Mountains Park Service Dep. 3', 15),
(5, 'Silvermine Mountains Park Service Dep. 3', 80),
(6, 'Silvermine Mountains Park Service Dep. 3', 86),
(7, 'Silvermine Mountains Park Service Dep. 3', 69),
(8, 'Silvermine Mountains Park Service Dep. 3', 46),
(9, 'Silvermine Mountains Park Service Dep. 3', 95),
(10, 'Silvermine Mountains Park Service Dep. 3', 52),
(11, 'Silvermine Mountains Park Service Dep. 3', 64),
(12, 'Silvermine Mountains Park Service Dep. 3', 56),
(13, 'Silvermine Mountains Park Service Dep. 3', 20),
(14, 'Silvermine Mountains Park Service Dep. 3', 13),
(15, 'Silvermine Mountains Park Service Dep. 3', 100),
(16, 'Silvermine Mountains Park Service Dep. 3', 78),
(17, 'Silvermine Mountains Park Service Dep. 3', 89),
(0, 'South Dublin National Park Service Dep. 4', 51),
(1, 'South Dublin National Park Service Dep. 4', 24),
(2, 'South Dublin National Park Service Dep. 4', 54),
(3, 'South Dublin National Park Service Dep. 4', 36),
(4, 'South Dublin National Park Service Dep. 4', 13),
(5, 'South Dublin National Park Service Dep. 4', 46),
(6, 'South Dublin National Park Service Dep. 4', 19),
(7, 'South Dublin National Park Service Dep. 4', 98),
(8, 'South Dublin National Park Service Dep. 4', 21),
(9, 'South Dublin National Park Service Dep. 4', 57),
(10, 'South Dublin National Park Service Dep. 4', 86),
(11, 'South Dublin National Park Service Dep. 4', 64),
(12, 'South Dublin National Park Service Dep. 4', 63),
(13, 'South Dublin National Park Service Dep. 4', 83),
(14, 'South Dublin National Park Service Dep. 4', 55),
(15, 'South Dublin National Park Service Dep. 4', 94),
(16, 'South Dublin National Park Service Dep. 4', 50),
(17, 'South Dublin National Park Service Dep. 4', 20),
(0, 'Blackstairs Mountains Fire Authority Dep. 6', 19),
(1, 'Blackstairs Mountains Fire Authority Dep. 6', 52),
(2, 'Blackstairs Mountains Fire Authority Dep. 6', 77),
(3, 'Blackstairs Mountains Fire Authority Dep. 6', 74),
(4, 'Blackstairs Mountains Fire Authority Dep. 6', 46),
(5, 'Blackstairs Mountains Fire Authority Dep. 6', 6),
(6, 'Blackstairs Mountains Fire Authority Dep. 6', 58),
(7, 'Blackstairs Mountains Fire Authority Dep. 6', 20),
(8, 'Blackstairs Mountains Fire Authority Dep. 6', 8),
(9, 'Blackstairs Mountains Fire Authority Dep. 6', 97),
(10, 'Blackstairs Mountains Fire Authority Dep. 6', 44),
(11, 'Blackstairs Mountains Fire Authority Dep. 6', 22),
(12, 'Blackstairs Mountains Fire Authority Dep. 6', 28),
(13, 'Blackstairs Mountains Fire Authority Dep. 6', 37),
(14, 'Blackstairs Mountains Fire Authority Dep. 6', 2),
(15, 'Blackstairs Mountains Fire Authority Dep. 6', 21),
(16, 'Blackstairs Mountains Fire Authority Dep. 6', 21),
(17, 'Blackstairs Mountains Fire Authority Dep. 6', 96),
(0, 'Inishmore Island Country Fire Authority Dep. 1', 9),
(1, 'Inishmore Island Country Fire Authority Dep. 1', 9),
(2, 'Inishmore Island Country Fire Authority Dep. 1', 73),
(3, 'Inishmore Island Country Fire Authority Dep. 1', 24),
(4, 'Inishmore Island Country Fire Authority Dep. 1', 5),
(5, 'Inishmore Island Country Fire Authority Dep. 1', 47),
(6, 'Inishmore Island Country Fire Authority Dep. 1', 69),
(7, 'Inishmore Island Country Fire Authority Dep. 1', 69),
(8, 'Inishmore Island Country Fire Authority Dep. 1', 77),
(9, 'Inishmore Island Country Fire Authority Dep. 1', 56),
(10, 'Inishmore Island Country Fire Authority Dep. 1', 50),
(11, 'Inishmore Island Country Fire Authority Dep. 1', 56),
(12, 'Inishmore Island Country Fire Authority Dep. 1', 90),
(13, 'Inishmore Island Country Fire Authority Dep. 1', 7),
(14, 'Inishmore Island Country Fire Authority Dep. 1', 36),
(15, 'Inishmore Island Country Fire Authority Dep. 1', 44),
(16, 'Inishmore Island Country Fire Authority Dep. 1', 6),
(17, 'Inishmore Island Country Fire Authority Dep. 1', 38),
(0, 'Knocksink Wood  Wildlife Service Dep. 2', 99),
(1, 'Knocksink Wood  Wildlife Service Dep. 2', 54),
(2, 'Knocksink Wood  Wildlife Service Dep. 2', 41),
(3, 'Knocksink Wood  Wildlife Service Dep. 2', 52),
(4, 'Knocksink Wood  Wildlife Service Dep. 2', 28),
(5, 'Knocksink Wood  Wildlife Service Dep. 2', 34),
(6, 'Knocksink Wood  Wildlife Service Dep. 2', 70),
(7, 'Knocksink Wood  Wildlife Service Dep. 2', 20),
(8, 'Knocksink Wood  Wildlife Service Dep. 2', 47),
(9, 'Knocksink Wood  Wildlife Service Dep. 2', 41),
(10, 'Knocksink Wood  Wildlife Service Dep. 2', 70),
(11, 'Knocksink Wood  Wildlife Service Dep. 2', 43),
(12, 'Knocksink Wood  Wildlife Service Dep. 2', 30),
(13, 'Knocksink Wood  Wildlife Service Dep. 2', 11),
(14, 'Knocksink Wood  Wildlife Service Dep. 2', 74),
(15, 'Knocksink Wood  Wildlife Service Dep. 2', 30),
(16, 'Knocksink Wood  Wildlife Service Dep. 2', 6),
(17, 'Knocksink Wood  Wildlife Service Dep. 2', 16),
(0, 'Silvermine Mountains Park Service Dep. 4', 41),
(1, 'Silvermine Mountains Park Service Dep. 4', 30),
(2, 'Silvermine Mountains Park Service Dep. 4', 15),
(3, 'Silvermine Mountains Park Service Dep. 4', 79),
(4, 'Silvermine Mountains Park Service Dep. 4', 99),
(5, 'Silvermine Mountains Park Service Dep. 4', 58),
(6, 'Silvermine Mountains Park Service Dep. 4', 34),
(7, 'Silvermine Mountains Park Service Dep. 4', 79),
(8, 'Silvermine Mountains Park Service Dep. 4', 97),
(9, 'Silvermine Mountains Park Service Dep. 4', 10),
(10, 'Silvermine Mountains Park Service Dep. 4', 48),
(11, 'Silvermine Mountains Park Service Dep. 4', 63),
(12, 'Silvermine Mountains Park Service Dep. 4', 72),
(13, 'Silvermine Mountains Park Service Dep. 4', 56),
(14, 'Silvermine Mountains Park Service Dep. 4', 29),
(15, 'Silvermine Mountains Park Service Dep. 4', 57),
(16, 'Silvermine Mountains Park Service Dep. 4', 46),
(17, 'Silvermine Mountains Park Service Dep. 4', 31),
(0, 'Union Wood State Emergency Service Dep. 5', 98),
(1, 'Union Wood State Emergency Service Dep. 5', 66),
(2, 'Union Wood State Emergency Service Dep. 5', 92),
(3, 'Union Wood State Emergency Service Dep. 5', 49),
(4, 'Union Wood State Emergency Service Dep. 5', 96),
(5, 'Union Wood State Emergency Service Dep. 5', 94),
(6, 'Union Wood State Emergency Service Dep. 5', 37),
(7, 'Union Wood State Emergency Service Dep. 5', 16),
(8, 'Union Wood State Emergency Service Dep. 5', 16),
(9, 'Union Wood State Emergency Service Dep. 5', 66),
(10, 'Union Wood State Emergency Service Dep. 5', 59),
(11, 'Union Wood State Emergency Service Dep. 5', 1),
(12, 'Union Wood State Emergency Service Dep. 5', 41),
(13, 'Union Wood State Emergency Service Dep. 5', 39),
(14, 'Union Wood State Emergency Service Dep. 5', 34),
(15, 'Union Wood State Emergency Service Dep. 5', 88),
(16, 'Union Wood State Emergency Service Dep. 5', 55),
(17, 'Union Wood State Emergency Service Dep. 5', 22),
(0, 'Union Wood State Emergency Service Dep. 6', 22),
(1, 'Union Wood State Emergency Service Dep. 6', 46),
(2, 'Union Wood State Emergency Service Dep. 6', 10),
(3, 'Union Wood State Emergency Service Dep. 6', 15),
(4, 'Union Wood State Emergency Service Dep. 6', 31),
(5, 'Union Wood State Emergency Service Dep. 6', 84),
(6, 'Union Wood State Emergency Service Dep. 6', 87),
(7, 'Union Wood State Emergency Service Dep. 6', 4),
(8, 'Union Wood State Emergency Service Dep. 6', 46),
(9, 'Union Wood State Emergency Service Dep. 6', 37),
(10, 'Union Wood State Emergency Service Dep. 6', 35),
(11, 'Union Wood State Emergency Service Dep. 6', 98),
(12, 'Union Wood State Emergency Service Dep. 6', 37),
(13, 'Union Wood State Emergency Service Dep. 6', 34),
(14, 'Union Wood State Emergency Service Dep. 6', 13),
(15, 'Union Wood State Emergency Service Dep. 6', 53),
(16, 'Union Wood State Emergency Service Dep. 6', 82),
(17, 'Union Wood State Emergency Service Dep. 6', 95),
(0, 'Clare Glen Fire Authority Dep. 1', 72),
(1, 'Clare Glen Fire Authority Dep. 1', 3),
(2, 'Clare Glen Fire Authority Dep. 1', 59),
(3, 'Clare Glen Fire Authority Dep. 1', 9),
(4, 'Clare Glen Fire Authority Dep. 1', 86),
(5, 'Clare Glen Fire Authority Dep. 1', 25),
(6, 'Clare Glen Fire Authority Dep. 1', 70),
(7, 'Clare Glen Fire Authority Dep. 1', 1),
(8, 'Clare Glen Fire Authority Dep. 1', 15),
(9, 'Clare Glen Fire Authority Dep. 1', 52),
(10, 'Clare Glen Fire Authority Dep. 1', 16),
(11, 'Clare Glen Fire Authority Dep. 1', 73),
(12, 'Clare Glen Fire Authority Dep. 1', 39),
(13, 'Clare Glen Fire Authority Dep. 1', 93),
(14, 'Clare Glen Fire Authority Dep. 1', 88),
(15, 'Clare Glen Fire Authority Dep. 1', 95),
(16, 'Clare Glen Fire Authority Dep. 1', 46),
(17, 'Clare Glen Fire Authority Dep. 1', 75),
(0, 'Silvermine Mountains Park Service Dep. 5', 43),
(1, 'Silvermine Mountains Park Service Dep. 5', 12),
(2, 'Silvermine Mountains Park Service Dep. 5', 79),
(3, 'Silvermine Mountains Park Service Dep. 5', 44),
(4, 'Silvermine Mountains Park Service Dep. 5', 53),
(5, 'Silvermine Mountains Park Service Dep. 5', 27),
(6, 'Silvermine Mountains Park Service Dep. 5', 95),
(7, 'Silvermine Mountains Park Service Dep. 5', 41),
(8, 'Silvermine Mountains Park Service Dep. 5', 6),
(9, 'Silvermine Mountains Park Service Dep. 5', 20),
(10, 'Silvermine Mountains Park Service Dep. 5', 61),
(11, 'Silvermine Mountains Park Service Dep. 5', 57),
(12, 'Silvermine Mountains Park Service Dep. 5', 75),
(13, 'Silvermine Mountains Park Service Dep. 5', 10),
(14, 'Silvermine Mountains Park Service Dep. 5', 21),
(15, 'Silvermine Mountains Park Service Dep. 5', 19),
(16, 'Silvermine Mountains Park Service Dep. 5', 27),
(17, 'Silvermine Mountains Park Service Dep. 5', 95),
(0, 'Union Wood State Emergency Service Dep. 3', 71),
(1, 'Union Wood State Emergency Service Dep. 3', 32),
(2, 'Union Wood State Emergency Service Dep. 3', 16),
(3, 'Union Wood State Emergency Service Dep. 3', 85),
(4, 'Union Wood State Emergency Service Dep. 3', 55),
(5, 'Union Wood State Emergency Service Dep. 3', 80),
(6, 'Union Wood State Emergency Service Dep. 3', 37),
(7, 'Union Wood State Emergency Service Dep. 3', 21),
(8, 'Union Wood State Emergency Service Dep. 3', 26),
(9, 'Union Wood State Emergency Service Dep. 3', 2),
(10, 'Union Wood State Emergency Service Dep. 3', 70),
(11, 'Union Wood State Emergency Service Dep. 3', 81),
(12, 'Union Wood State Emergency Service Dep. 3', 19),
(13, 'Union Wood State Emergency Service Dep. 3', 82),
(14, 'Union Wood State Emergency Service Dep. 3', 71),
(15, 'Union Wood State Emergency Service Dep. 3', 61),
(16, 'Union Wood State Emergency Service Dep. 3', 71),
(17, 'Union Wood State Emergency Service Dep. 3', 33),
(0, 'South Dublin National Park Service Dep. 6', 100),
(1, 'South Dublin National Park Service Dep. 6', 21),
(2, 'South Dublin National Park Service Dep. 6', 67),
(3, 'South Dublin National Park Service Dep. 6', 92),
(4, 'South Dublin National Park Service Dep. 6', 55),
(5, 'South Dublin National Park Service Dep. 6', 94),
(6, 'South Dublin National Park Service Dep. 6', 6),
(7, 'South Dublin National Park Service Dep. 6', 52),
(8, 'South Dublin National Park Service Dep. 6', 56),
(9, 'South Dublin National Park Service Dep. 6', 25),
(10, 'South Dublin National Park Service Dep. 6', 71),
(11, 'South Dublin National Park Service Dep. 6', 1),
(12, 'South Dublin National Park Service Dep. 6', 59),
(13, 'South Dublin National Park Service Dep. 6', 32),
(14, 'South Dublin National Park Service Dep. 6', 30),
(15, 'South Dublin National Park Service Dep. 6', 75),
(16, 'South Dublin National Park Service Dep. 6', 61),
(17, 'South Dublin National Park Service Dep. 6', 93);

INSERT INTO coordenador VALUES
(DEFAULT), (DEFAULT), (DEFAULT), (DEFAULT), (DEFAULT),(DEFAULT), (DEFAULT), (DEFAULT), (DEFAULT), (DEFAULT),
(DEFAULT), (DEFAULT), (DEFAULT), (DEFAULT), (DEFAULT),(DEFAULT), (DEFAULT), (DEFAULT), (DEFAULT), (DEFAULT),
(DEFAULT), (DEFAULT), (DEFAULT), (DEFAULT), (DEFAULT),(DEFAULT), (DEFAULT), (DEFAULT), (DEFAULT), (DEFAULT),
(DEFAULT), (DEFAULT), (DEFAULT), (DEFAULT), (DEFAULT),(DEFAULT), (DEFAULT), (DEFAULT), (DEFAULT), (DEFAULT),
(DEFAULT), (DEFAULT), (DEFAULT), (DEFAULT), (DEFAULT),(DEFAULT), (DEFAULT), (DEFAULT), (DEFAULT), (DEFAULT),
(DEFAULT), (DEFAULT), (DEFAULT), (DEFAULT), (DEFAULT),(DEFAULT), (DEFAULT), (DEFAULT), (DEFAULT), (DEFAULT),
(DEFAULT), (DEFAULT), (DEFAULT), (DEFAULT), (DEFAULT),(DEFAULT), (DEFAULT), (DEFAULT), (DEFAULT), (DEFAULT),
(DEFAULT), (DEFAULT), (DEFAULT), (DEFAULT), (DEFAULT),(DEFAULT), (DEFAULT), (DEFAULT), (DEFAULT), (DEFAULT),
(DEFAULT), (DEFAULT), (DEFAULT), (DEFAULT), (DEFAULT),(DEFAULT), (DEFAULT), (DEFAULT), (DEFAULT), (DEFAULT),
(DEFAULT), (DEFAULT), (DEFAULT), (DEFAULT), (DEFAULT),(DEFAULT), (DEFAULT), (DEFAULT), (DEFAULT), (DEFAULT);


INSERT INTO Audita
VALUES  ('21:23:46', '03:23:46', '2019-04-01', 'Teste Teste', 14, 'Union Wood State Emergency Service Dep. 5', 34, 1),
('21:15:53', '07:15:53', '2019-02-23', 'Teste Teste', 5, 'Union Wood State Emergency Service Dep. 5', 94, 2),
('23:01:23', '06:01:23', '2019-09-21', 'Teste Teste', 15, 'South Dublin Forest Service Dep. 1', 24, 3),
('07:16:27', '14:16:27', '2019-08-29', 'Teste Teste', 8, 'Glenomra Wood Rural Fire Service Dep. 6', 39, 4),
('16:19:31', '23:19:31', '2019-02-28', 'Teste Teste', 3, 'Blackstairs Mountains Fire Authority Dep. 6', 74, 5),
('17:48:13', '22:48:13', '2019-02-09', 'Teste Teste', 10, 'Knocksink Wood  Wildlife Service Dep. 2', 70, 6),
('01:32:06', '08:32:06', '2019-08-18', 'Teste Teste', 6, 'Cullahill Mountain Fire Protection Dep. 5', 14, 7),
('15:09:55', '18:09:55', '2019-11-07', 'Teste Teste', 5, 'Knocksink Wood  Wildlife Service Dep. 2', 34, 8),
('08:33:56', '11:33:56', '2019-03-02', 'Teste Teste', 12, 'Silvermine Mountains Park Service Dep. 4', 72, 9),
('18:09:04', '02:09:04', '2019-01-19', 'Teste Teste', 0, 'Silvermine Mountains Park Service Dep. 4', 41, 10),
('21:01:36', '00:01:36', '2019-10-22', 'Teste Teste', 8, 'Glenomra Wood Rural Fire Service Dep. 6', 39, 11),
('09:06:45', '14:06:45', '2019-09-30', 'Teste Teste', 17, 'Union Wood State Emergency Service Dep. 6', 95, 12),
('15:51:17', '23:51:17', '2019-04-03', 'Teste Teste', 15, 'Knocksink Wood  Wildlife Service Dep. 2', 30, 13),
('19:22:35', '03:22:35', '2019-09-04', 'Teste Teste', 9, 'Union Wood State Emergency Service Dep. 4', 84, 14),
('04:07:27', '10:07:27', '2019-06-13', 'Teste Teste', 8, 'Inishmore Island Country Fire Authority Dep. 1', 77, 15),
('10:36:53', '16:36:53', '2019-07-04', 'Teste Teste', 9, 'Union Wood State Emergency Service Dep. 5', 66, 16),
('08:28:11', '16:28:11', '2019-02-10', 'Teste Teste', 8, 'Silvermine Mountains Park Service Dep. 3', 46, 17),
('10:46:34', '19:46:34', '2019-09-04', 'Teste Teste', 14, 'Union Wood State Emergency Service Dep. 5', 34, 18),
('22:41:06', '03:41:06', '2019-04-06', 'Teste Teste', 15, 'Union Wood State Emergency Service Dep. 3', 61, 19),
('02:11:10', '10:11:10', '2019-09-22', 'Teste Teste', 1, 'Union Wood State Emergency Service Dep. 5', 66, 20),
('04:58:12', '13:58:12', '2019-12-20', 'Teste Teste', 8, 'Clare Glen Fire Authority Dep. 1', 15, 21),
('02:49:50', '12:49:50', '2019-07-16', 'Teste Teste', 10, 'Union Wood State Emergency Service Dep. 6', 35, 22),
('23:40:53', '03:40:53', '2019-09-12', 'Teste Teste', 17, 'South Dublin National Park Service Dep. 4', 20, 23),
('05:45:07', '13:45:07', '2019-08-19', 'Teste Teste', 6, 'South Dublin Forest Service Dep. 1', 73, 24),
('16:02:55', '21:02:55', '2019-05-02', 'Teste Teste', 12, 'Inishmore Island Country Fire Authority Dep. 1', 90, 25),
('08:19:03', '13:19:03', '2019-10-17', 'Teste Teste', 13, 'Silvermine Mountains Park Service Dep. 6', 70, 26),
('06:51:16', '11:51:16', '2019-01-15', 'Teste Teste', 4, 'South Dublin National Park Service Dep. 4', 13, 27),
('12:31:19', '15:31:19', '2019-10-19', 'Teste Teste', 12, 'Knocksink Wood  Wildlife Service Dep. 2', 30, 28),
('21:31:34', '01:31:34', '2019-12-14', 'Teste Teste', 8, 'Silvermine Mountains Park Service Dep. 5', 6, 29),
('14:11:52', '17:11:52', '2019-08-20', 'Teste Teste', 9, 'South Dublin Forest Service Dep. 1', 56, 30),
('15:23:50', '23:23:50', '2019-06-10', 'Teste Teste', 11, 'Raven Point Wildlife Service Dep. 1', 43, 31),
('03:31:58', '07:31:58', '2019-09-19', 'Teste Teste', 9, 'Knocksink Wood  Wildlife Service Dep. 2', 41, 32),
('10:07:12', '13:07:12', '2019-09-28', 'Teste Teste', 1, 'Inishmore Island Country Fire Authority Dep. 1', 9, 33),
('16:01:14', '00:01:14', '2019-11-12', 'Teste Teste', 0, 'Inishmore Island Rural Fire Service Dep. 5', 52, 34),
('23:10:27', '08:10:27', '2019-06-07', 'Teste Teste', 3, 'Glenomra Wood Rural Fire Service Dep. 6', 98, 35),
('14:53:47', '17:53:47', '2019-08-06', 'Teste Teste', 11, 'South Dublin National Park Service Dep. 4', 64, 36),
('02:46:50', '11:46:50', '2019-08-11', 'Teste Teste', 11, 'Raven Point Wildlife Service Dep. 1', 43, 37),
('01:16:23', '07:16:23', '2019-04-07', 'Teste Teste', 0, 'Knocksink Wood  Wildlife Service Dep. 2', 99, 38),
('05:01:15', '09:01:15', '2019-08-13', 'Teste Teste', 8, 'Silvermine Mountains Park Service Dep. 4', 97, 39),
('10:48:24', '16:48:24', '2019-04-22', 'Teste Teste', 11, 'Union Wood State Emergency Service Dep. 5', 1, 40),
('10:24:14', '19:24:14', '2019-04-29', 'Teste Teste', 13, 'Union Wood State Emergency Service Dep. 6', 34, 41),
('18:28:10', '04:28:10', '2019-09-10', 'Teste Teste', 15, 'Union Wood State Emergency Service Dep. 3', 61, 42),
('13:05:50', '22:05:50', '2019-04-05', 'Teste Teste', 16, 'Union Wood State Emergency Service Dep. 6', 82, 43),
('19:42:03', '00:42:03', '2019-01-22', 'Teste Teste', 4, 'Knocksink Wood  Wildlife Service Dep. 2', 28, 44),
('15:14:02', '00:14:02', '2019-10-16', 'Teste Teste', 8, 'Inishmore Island Country Fire Authority Dep. 5', 81, 45),
('06:05:25', '11:05:25', '2019-04-12', 'Teste Teste', 5, 'Silvermine Mountains Park Service Dep. 6', 82, 46),
('06:52:22', '09:52:22', '2019-11-13', 'Teste Teste', 17, 'Silvermine Mountains Park Service Dep. 5', 95, 47),
('18:31:17', '04:31:17', '2019-11-25', 'Teste Teste', 4, 'Silvermine Mountains Park Service Dep. 5', 53, 48),
('08:28:06', '14:28:06', '2019-11-10', 'Teste Teste', 1, 'Inishmore Island Rural Fire Service Dep. 5', 95, 49),
('08:23:03', '14:23:03', '2019-10-22', 'Teste Teste', 6, 'Clare Glen Fire Authority Dep. 1', 70, 50),
('16:09:27', '21:09:27', '2019-02-10', 'Teste Teste', 3, 'Blackstairs Mountains Fire Authority Dep. 6', 74, 51),
('11:03:04', '14:03:04', '2019-01-29', 'Teste Teste', 1, 'Blackstairs Mountains Fire Authority Dep. 6', 52, 52),
('13:29:52', '23:29:52', '2019-12-08', 'Teste Teste', 15, 'Raven Point Wildlife Service Dep. 1', 35, 53),
('19:23:05', '03:23:05', '2019-01-16', 'Teste Teste', 7, 'Union Wood State Emergency Service Dep. 4', 31, 54),
('13:33:21', '23:33:21', '2019-02-20', 'Teste Teste', 1, 'Inishmore Island Country Fire Authority Dep. 1', 9, 55),
('07:55:37', '12:55:37', '2019-05-04', 'Teste Teste', 15, 'Silvermine Mountains Park Service Dep. 4', 57, 56),
('00:28:34', '04:28:34', '2019-06-13', 'Teste Teste', 16, 'Silvermine Mountains Park Service Dep. 3', 78, 57),
('12:53:38', '15:53:38', '2019-12-14', 'Teste Teste', 1, 'Silvermine Mountains Park Service Dep. 5', 12, 58),
('15:20:10', '19:20:10', '2019-03-28', 'Teste Teste', 13, 'Inishmore Island Rural Fire Service Dep. 5', 96, 59),
('22:03:21', '02:03:21', '2019-08-31', 'Teste Teste', 1, 'South Dublin Forest Service Dep. 1', 89, 60),
('21:04:23', '00:04:23', '2019-03-29', 'Teste Teste', 12, 'Silvermine Mountains Park Service Dep. 5', 75, 61),
('12:26:13', '15:26:13', '2019-02-07', 'Teste Teste', 3, 'Inishmore Island Country Fire Authority Dep. 5', 61, 62),
('02:35:36', '12:35:36', '2019-10-27', 'Teste Teste', 2, 'Inishmore Island Country Fire Authority Dep. 5', 68, 63),
('09:58:41', '19:58:41', '2019-02-05', 'Teste Teste', 15, 'Silvermine Mountains Park Service Dep. 6', 49, 64),
('15:58:10', '18:58:10', '2019-08-02', 'Teste Teste', 6, 'South Dublin National Park Service Dep. 4', 19, 65),
('17:59:59', '03:59:59', '2019-01-25', 'Teste Teste', 15, 'South Dublin Forest Service Dep. 1', 24, 66),
('02:42:17', '07:42:17', '2019-02-04', 'Teste Teste', 8, 'Inishmore Island Country Fire Authority Dep. 5', 81, 67),
('07:37:58', '16:37:58', '2019-03-18', 'Teste Teste', 10, 'Inishmore Island Country Fire Authority Dep. 1', 50, 68),
('22:19:53', '06:19:53', '2019-04-21', 'Teste Teste', 6, 'Inishmore Island Country Fire Authority Dep. 5', 7, 69),
('20:06:28', '05:06:28', '2019-02-20', 'Teste Teste', 1, 'Inishmore Island Country Fire Authority Dep. 5', 7, 70),
('05:13:02', '09:13:02', '2019-04-25', 'Teste Teste', 12, 'Union Wood State Emergency Service Dep. 3', 19, 71),
('00:54:52', '04:54:52', '2019-01-31', 'Teste Teste', 5, 'Raven Point Wildlife Service Dep. 1', 82, 72),
('10:33:50', '17:33:50', '2019-04-16', 'Teste Teste', 9, 'Knocksink Wood  Wildlife Service Dep. 2', 41, 73),
('00:39:01', '08:39:01', '2019-02-10', 'Teste Teste', 10, 'Inishmore Island Country Fire Authority Dep. 1', 50, 74),
('20:30:46', '03:30:46', '2019-06-19', 'Teste Teste', 1, 'Inishmore Island Rural Fire Service Dep. 5', 95, 75),
('00:01:37', '04:01:37', '2019-10-06', 'Teste Teste', 9, 'South Dublin National Park Service Dep. 6', 25, 76),
('11:38:48', '16:38:48', '2019-09-06', 'Teste Teste', 12, 'Inishmore Island Country Fire Authority Dep. 1', 90, 77),
('19:44:37', '23:44:37', '2019-04-19', 'Teste Teste', 6, 'Union Wood State Emergency Service Dep. 6', 87, 78),
('11:11:02', '18:11:02', '2019-08-20', 'Teste Teste', 6, 'Blackstairs Mountains Fire Authority Dep. 6', 58, 79),
('09:04:26', '19:04:26', '2019-05-06', 'Teste Teste', 11, 'Union Wood State Emergency Service Dep. 6', 98, 80),
('14:37:15', '17:37:15', '2019-02-28', 'Teste Teste', 2, 'Union Wood State Emergency Service Dep. 6', 10, 81),
('12:33:15', '19:33:15', '2019-09-06', 'Teste Teste', 6, 'Blackstairs Mountains Fire Authority Dep. 6', 58, 82),
('01:34:11', '06:34:11', '2019-09-04', 'Teste Teste', 14, 'Cullahill Mountain Fire Protection Dep. 5', 95, 83),
('18:31:01', '02:31:01', '2019-09-28', 'Teste Teste', 3, 'Glenomra Wood Rural Fire Service Dep. 6', 98, 84),
('21:25:04', '03:25:04', '2019-10-22', 'Teste Teste', 5, 'Inishmore Island Country Fire Authority Dep. 1', 47, 85),
('00:43:33', '10:43:33', '2019-11-15', 'Teste Teste', 17, 'South Dublin National Park Service Dep. 4', 20, 86),
('12:21:30', '15:21:30', '2019-03-13', 'Teste Teste', 13, 'South Dublin National Park Service Dep. 6', 32, 87),
('03:07:09', '13:07:09', '2019-11-03', 'Teste Teste', 5, 'Inishmore Island Country Fire Authority Dep. 5', 17, 88),
('19:04:25', '04:04:25', '2019-01-08', 'Teste Teste', 9, 'Union Wood State Emergency Service Dep. 5', 66, 89),
('03:47:42', '11:47:42', '2019-05-09', 'Teste Teste', 8, 'Raven Point Wildlife Service Dep. 1', 89, 90),
('19:07:01', '01:07:01', '2019-08-12', 'Teste Teste', 5, 'Silvermine Mountains Park Service Dep. 4', 58, 91),
('07:01:43', '13:01:43', '2019-02-09', 'Teste Teste', 10, 'Blackstairs Mountains Fire Authority Dep. 6', 44, 92),
('10:04:26', '20:04:26', '2019-04-21', 'Teste Teste', 4, 'Blackstairs Mountains Fire Authority Dep. 6', 46, 93),
('20:16:03', '00:16:03', '2019-03-28', 'Teste Teste', 12, 'Union Wood State Emergency Service Dep. 6', 37, 94),
('17:29:20', '01:29:20', '2019-07-06', 'Teste Teste', 15, 'Glenomra Wood Rural Fire Service Dep. 6', 35, 95),
('20:43:16', '00:43:16', '2019-01-27', 'Teste Teste', 5, 'Inishmore Island Rural Fire Service Dep. 5', 84, 96),
('10:12:42', '15:12:42', '2019-01-07', 'Teste Teste', 13, 'Silvermine Mountains Park Service Dep. 6', 70, 97),
('11:20:03', '17:20:03', '2019-03-11', 'Teste Teste', 6, 'South Dublin National Park Service Dep. 4', 19, 98),
('03:36:11', '06:36:11', '2019-02-11', 'Teste Teste', 14, 'Silvermine Mountains Park Service Dep. 6', 58, 99),
('11:06:14', '16:06:14', '2019-06-13', 'Teste Teste', 0, 'Silvermine Mountains Park Service Dep. 3', 99, 100);


INSERT INTO Solicita
VALUES  ('2019-04-01 21:23:46', '2019-04-02 03:23:46', 58, '2017-11-01 19:51:58', 1),
('2019-02-23 21:15:53', '2019-02-24 07:15:53', 63, '2017-07-21 11:22:21', 2),
('2019-09-21 23:01:23', '2019-09-22 06:01:23', 49, '2018-11-03 09:22:35', 3),
('2019-08-29 07:16:27', '2019-08-29 14:16:27', 15, '2017-12-01 00:37:30', 4),
('2019-02-28 16:19:31', '2019-02-28 23:19:31', 8, '2018-10-16 10:40:00', 5),
('2019-02-09 17:48:13', '2019-02-09 22:48:13', 33, '2016-09-08 03:54:54', 6),
('2019-08-18 01:32:06', '2019-08-18 08:32:06', 76, '2017-02-02 08:02:49', 7),
('2019-11-07 15:09:55', '2019-11-07 18:09:55', 82, '2018-02-19 08:41:08', 8),
('2019-03-02 08:33:56', '2019-03-02 11:33:56', 67, '2016-03-12 13:38:58', 9),
('2019-01-19 18:09:04', '2019-01-20 02:09:04', 28, '2017-03-30 08:54:14', 10),
('2019-10-22 21:01:36', '2019-10-23 00:01:36', 25, '2016-04-23 11:15:49', 11),
('2019-09-30 09:06:45', '2019-09-30 14:06:45', 93, '2017-01-17 02:15:00', 12),
('2019-04-03 15:51:17', '2019-04-03 23:51:17', 15, '2016-02-28 22:31:41', 13),
('2019-09-04 19:22:35', '2019-09-05 03:22:35', 99, '2017-07-17 10:33:12', 14),
('2019-06-13 04:07:27', '2019-06-13 10:07:27', 87, '2017-11-11 07:53:45', 15),
('2019-07-04 10:36:53', '2019-07-04 16:36:53', 54, '2017-10-02 03:36:12', 16),
('2019-02-10 08:28:11', '2019-02-10 16:28:11', 93, '2016-08-04 18:37:44', 17),
('2019-09-04 10:46:34', '2019-09-04 19:46:34', 36, '2016-11-28 06:05:07', 18),
('2019-04-06 22:41:06', '2019-04-07 03:41:06', 15, '2016-02-28 22:31:41', 19),
('2019-09-22 02:11:10', '2019-09-22 10:11:10', 81, '2017-05-22 18:32:31', 20),
('2019-12-20 04:58:12', '2019-12-20 13:58:12', 93, '2017-01-17 02:15:00', 21),
('2019-07-16 02:49:50', '2019-07-16 12:49:50', 28, '2017-03-30 08:54:14', 22),
('2019-09-12 23:40:53', '2019-09-13 03:40:53', 15, '2016-02-28 22:31:41', 23),
('2019-08-19 05:45:07', '2019-08-19 13:45:07', 6, '2017-12-28 21:20:06', 24),
('2019-05-02 16:02:55', '2019-05-02 21:02:55', 27, '2016-04-04 06:44:06', 25),
('2019-10-17 08:19:03', '2019-10-17 13:19:03', 95, '2018-05-20 04:25:16', 26),
('2019-01-15 06:51:16', '2019-01-15 11:51:16', 33, '2016-09-08 03:54:54', 27),
('2019-10-19 12:31:19', '2019-10-19 15:31:19', 13, '2016-03-06 15:02:40', 28),
('2019-12-14 21:31:34', '2019-12-15 01:31:34', 93, '2017-01-17 02:15:00', 29),
('2019-08-20 14:11:52', '2019-08-20 17:11:52', 1, '2016-10-19 23:38:32', 30),
('2019-06-10 15:23:50', '2019-06-10 23:23:50', 61, '2016-11-03 04:09:28', 31),
('2019-09-19 03:31:58', '2019-09-19 07:31:58', 78, '2016-07-18 20:16:52', 32),
('2019-09-28 10:07:12', '2019-09-28 13:07:12', 4, '2018-04-07 09:57:41', 33),
('2019-11-12 16:01:14', '2019-11-13 00:01:14', 72, '2018-11-08 02:12:17', 34),
('2019-06-07 23:10:27', '2019-06-08 08:10:27', 59, '2017-08-30 18:54:52', 35),
('2019-08-06 14:53:47', '2019-08-06 17:53:47', 72, '2017-02-17 21:20:38', 36),
('2019-08-11 02:46:50', '2019-08-11 11:46:50', 88, '2016-07-09 10:11:40', 37),
('2019-04-07 01:16:23', '2019-04-07 07:16:23', 25, '2017-08-22 23:00:40', 38),
('2019-08-13 05:01:15', '2019-08-13 09:01:15', 65, '2017-03-25 13:55:52', 39),
('2019-04-22 10:48:24', '2019-04-22 16:48:24', 23, '2018-11-06 02:50:40', 40),
('2019-04-29 10:24:14', '2019-04-29 19:24:14', 9, '2018-02-13 20:12:56', 41),
('2019-09-10 18:28:10', '2019-09-11 04:28:10', 72, '2018-09-21 05:16:57', 42),
('2019-04-05 13:05:50', '2019-04-05 22:05:50', 32, '2016-02-20 21:35:39', 43),
('2019-01-22 19:42:03', '2019-01-23 00:42:03', 54, '2017-10-21 17:12:22', 44),
('2019-10-16 15:14:02', '2019-10-17 00:14:02', 72, '2018-11-08 02:12:17', 45),
('2019-04-12 06:05:25', '2019-04-12 11:05:25', 81, '2018-02-07 14:45:08', 46),
('2019-11-13 06:52:22', '2019-11-13 09:52:22', 94, '2017-04-01 14:31:41', 47),
('2019-11-25 18:31:17', '2019-11-26 04:31:17', 67, '2016-03-12 13:38:58', 48),
('2019-11-10 08:28:06', '2019-11-10 14:28:06', 79, '2016-04-21 04:53:54', 49),
('2019-10-22 08:23:03', '2019-10-22 14:23:03', 85, '2018-07-27 13:24:02', 50),
('2019-02-10 16:09:27', '2019-02-10 21:09:27', 91, '2018-08-13 19:05:45', 51),
('2019-01-29 11:03:04', '2019-01-29 14:03:04', 90, '2018-04-23 04:43:01', 52),
('2019-12-08 13:29:52', '2019-12-08 23:29:52', 98, '2016-09-18 16:19:20', 53),
('2019-01-16 19:23:05', '2019-01-17 03:23:05', 36, '2016-11-28 06:05:07', 54),
('2019-02-20 13:33:21', '2019-02-20 23:33:21', 91, '2017-05-20 11:17:18', 55),
('2019-05-04 07:55:37', '2019-05-04 12:55:37', 78, '2016-07-18 20:16:52', 56),
('2019-06-13 00:28:34', '2019-06-13 04:28:34', 36, '2016-11-28 06:05:07', 57),
('2019-12-14 12:53:38', '2019-12-14 15:53:38', 11, '2016-08-26 22:03:15', 58),
('2019-03-28 15:20:10', '2019-03-28 19:20:10', 59, '2017-08-30 18:54:52', 59),
('2019-08-31 22:03:21', '2019-09-01 02:03:21', 68, '2016-04-24 12:01:14', 60),
('2019-03-29 21:04:23', '2019-03-30 00:04:23', 58, '2017-11-01 19:51:58', 61),
('2019-02-07 12:26:13', '2019-02-07 15:26:13', 67, '2017-01-30 08:46:36', 62),
('2019-10-27 02:35:36', '2019-10-27 12:35:36', 13, '2016-03-06 15:02:40', 63),
('2019-02-05 09:58:41', '2019-02-05 19:58:41', 38, '2018-03-12 01:43:00', 64),
('2019-08-02 15:58:10', '2019-08-02 18:58:10', 32, '2018-03-17 03:01:47', 65),
('2019-01-25 17:59:59', '2019-01-26 03:59:59', 61, '2017-09-10 22:19:18', 66),
('2019-02-04 02:42:17', '2019-02-04 07:42:17', 25, '2016-04-23 11:15:49', 67),
('2019-03-18 07:37:58', '2019-03-18 16:37:58', 67, '2017-01-30 08:46:36', 68),
('2019-04-21 22:19:53', '2019-04-22 06:19:53', 81, '2018-02-07 14:45:08', 69),
('2019-02-20 20:06:28', '2019-02-21 05:06:28', 61, '2018-06-02 10:15:10', 70),
('2019-04-25 05:13:02', '2019-04-25 09:13:02', 38, '2018-03-12 01:43:00', 71),
('2019-01-31 00:54:52', '2019-01-31 04:54:52', 71, '2017-09-13 18:23:58', 72),
('2019-04-16 10:33:50', '2019-04-16 17:33:50', 67, '2017-01-30 08:46:36', 73),
('2019-02-10 00:39:01', '2019-02-10 08:39:01', 73, '2016-01-26 15:28:09', 74),
('2019-06-19 20:30:46', '2019-06-20 03:30:46', 98, '2017-03-01 04:54:40', 75),
('2019-10-06 00:01:37', '2019-10-06 04:01:37', 44, '2016-04-10 05:02:59', 76),
('2019-09-06 11:38:48', '2019-09-06 16:38:48', 47, '2017-10-05 14:10:41', 77),
('2019-04-19 19:44:37', '2019-04-19 23:44:37', 59, '2017-10-09 12:42:01', 78),
('2019-08-20 11:11:02', '2019-08-20 18:11:02', 15, '2016-02-28 22:31:41', 79),
('2019-05-06 09:04:26', '2019-05-06 19:04:26', 41, '2017-09-27 05:32:41', 80),
('2019-02-28 14:37:15', '2019-02-28 17:37:15', 94, '2017-04-01 14:31:41', 81),
('2019-09-06 12:33:15', '2019-09-06 19:33:15', 38, '2018-03-12 01:43:00', 82),
('2019-09-04 01:34:11', '2019-09-04 06:34:11', 32, '2016-02-20 21:35:39', 83),
('2019-09-28 18:31:01', '2019-09-29 02:31:01', 13, '2016-03-11 08:48:56', 84),
('2019-10-22 21:25:04', '2019-10-23 03:25:04', 58, '2017-08-12 18:01:52', 85),
('2019-11-15 00:43:33', '2019-11-15 10:43:33', 61, '2017-09-10 22:19:18', 86),
('2019-03-13 12:21:30', '2019-03-13 15:21:30', 22, '2016-12-28 16:13:45', 87),
('2019-11-03 03:07:09', '2019-11-03 13:07:09', 79, '2016-04-21 04:53:54', 88),
('2019-01-08 19:04:25', '2019-01-09 04:04:25', 54, '2017-10-21 17:12:22', 89),
('2019-05-09 03:47:42', '2019-05-09 11:47:42', 36, '2018-04-03 22:05:07', 90),
('2019-08-12 19:07:01', '2019-08-13 01:07:01', 12, '2018-11-04 12:27:44', 91),
('2019-02-09 07:01:43', '2019-02-09 13:01:43', 2, '2017-05-25 18:21:39', 92),
('2019-04-21 10:04:26', '2019-04-21 20:04:26', 18, '2018-01-21 04:41:47', 93),
('2019-03-28 20:16:03', '2019-03-29 00:16:03', 79, '2016-04-21 04:53:54', 94),
('2019-07-06 17:29:20', '2019-07-07 01:29:20', 59, '2018-01-01 02:06:20', 95),
('2019-01-27 20:43:16', '2019-01-28 00:43:16', 57, '2017-04-30 15:07:37', 96),
('2019-01-07 10:12:42', '2019-01-07 15:12:42', 87, '2017-11-11 07:53:45', 97),
('2019-03-11 11:20:03', '2019-03-11 17:20:03', 18, '2018-01-21 04:41:47', 98),
('2019-02-11 03:36:11', '2019-02-11 06:36:11', 8, '2018-10-16 10:40:00', 99),
('2019-06-13 11:06:14', '2019-06-13 16:06:14', 44, '2016-04-10 05:02:59', 100);

INSERT INTO Video VALUES ('2018-08-12 20:05:06', '2018-08-13 02:12:31', 93);

INSERT INTO SegmentoVideo VALUES (1, '1 hour', '2018-08-12 20:05:06', 93),
                                 (2, '1 hour', '2018-08-12 20:05:06', 93);

INSERT INTO eventoemergencia VALUES (867120800,	'2018-06-20 23:03:20.000000','Manley Green','Oliveira do Hospital',33);
INSERT INTO meio VALUES (18,	'Squad Truck Unit', 'Union Wood State Emergency Service Dep. 3');
INSERT INTO acciona VALUES (18,	'Union Wood State Emergency Service Dep. 3',33);

INSERT INTO video VALUES ('2018-08-04 12:27:44.000000', '2018-11-04 12:27:44.000000', 11);
INSERT INTO segmentovideo VALUES (4, '3 hours', '2018-08-04 12:27:44.000000',	11);


INSERT INTO entidademeio VALUES ('Cullahill Mountain Fire Protection Dep. 7');
INSERT INTO meio VALUES (5,'Squad Truck Unit' , 'Cullahill Mountain Fire Protection Dep. 7');
INSERT INTO acciona VALUES
(5, 'Cullahill Mountain Fire Protection Dep. 7',1),
(5, 'Cullahill Mountain Fire Protection Dep. 7',2),
(5, 'Cullahill Mountain Fire Protection Dep. 7',3),
(5, 'Cullahill Mountain Fire Protection Dep. 7',4),
(5, 'Cullahill Mountain Fire Protection Dep. 7',5),
(5, 'Cullahill Mountain Fire Protection Dep. 7',6),
(5, 'Cullahill Mountain Fire Protection Dep. 7',7),
(5, 'Cullahill Mountain Fire Protection Dep. 7',8),
(5, 'Cullahill Mountain Fire Protection Dep. 7',9),
(5, 'Cullahill Mountain Fire Protection Dep. 7',10),
(5, 'Cullahill Mountain Fire Protection Dep. 7',11),
(5, 'Cullahill Mountain Fire Protection Dep. 7',12),
(5, 'Cullahill Mountain Fire Protection Dep. 7',13),
(5, 'Cullahill Mountain Fire Protection Dep. 7',14),
(5, 'Cullahill Mountain Fire Protection Dep. 7',15),
(5, 'Cullahill Mountain Fire Protection Dep. 7',16),
(5, 'Cullahill Mountain Fire Protection Dep. 7',17),
(5, 'Cullahill Mountain Fire Protection Dep. 7',18),
(5, 'Cullahill Mountain Fire Protection Dep. 7',19),
(5, 'Cullahill Mountain Fire Protection Dep. 7',20),
(5, 'Cullahill Mountain Fire Protection Dep. 7',21),
(5, 'Cullahill Mountain Fire Protection Dep. 7',22),
(5, 'Cullahill Mountain Fire Protection Dep. 7',23),
(5, 'Cullahill Mountain Fire Protection Dep. 7',24),
(5, 'Cullahill Mountain Fire Protection Dep. 7',25),
(5, 'Cullahill Mountain Fire Protection Dep. 7',26),
(5, 'Cullahill Mountain Fire Protection Dep. 7',27),
(5, 'Cullahill Mountain Fire Protection Dep. 7',28),
(5, 'Cullahill Mountain Fire Protection Dep. 7',29),
(5, 'Cullahill Mountain Fire Protection Dep. 7',30),
(5, 'Cullahill Mountain Fire Protection Dep. 7',31),
(5, 'Cullahill Mountain Fire Protection Dep. 7',32),
(5, 'Cullahill Mountain Fire Protection Dep. 7',33),
(5, 'Cullahill Mountain Fire Protection Dep. 7',34),
(5, 'Cullahill Mountain Fire Protection Dep. 7',35),
(5, 'Cullahill Mountain Fire Protection Dep. 7',36),
(5, 'Cullahill Mountain Fire Protection Dep. 7',37),
(5, 'Cullahill Mountain Fire Protection Dep. 7',38),
(5, 'Cullahill Mountain Fire Protection Dep. 7',39),
(5, 'Cullahill Mountain Fire Protection Dep. 7',40),
(5, 'Cullahill Mountain Fire Protection Dep. 7',41),
(5, 'Cullahill Mountain Fire Protection Dep. 7',42),
(5, 'Cullahill Mountain Fire Protection Dep. 7',43),
(5, 'Cullahill Mountain Fire Protection Dep. 7',44),
(5, 'Cullahill Mountain Fire Protection Dep. 7',45),
(5, 'Cullahill Mountain Fire Protection Dep. 7',46),
(5, 'Cullahill Mountain Fire Protection Dep. 7',47),
(5, 'Cullahill Mountain Fire Protection Dep. 7',48),
(5, 'Cullahill Mountain Fire Protection Dep. 7',49),
(5, 'Cullahill Mountain Fire Protection Dep. 7',50),
(5, 'Cullahill Mountain Fire Protection Dep. 7',51),
(5, 'Cullahill Mountain Fire Protection Dep. 7',52),
(5, 'Cullahill Mountain Fire Protection Dep. 7',53),
(5, 'Cullahill Mountain Fire Protection Dep. 7',54),
(5, 'Cullahill Mountain Fire Protection Dep. 7',55),
(5, 'Cullahill Mountain Fire Protection Dep. 7',56),
(5, 'Cullahill Mountain Fire Protection Dep. 7',57),
(5, 'Cullahill Mountain Fire Protection Dep. 7',58),
(5, 'Cullahill Mountain Fire Protection Dep. 7',59),
(5, 'Cullahill Mountain Fire Protection Dep. 7',60),
(5, 'Cullahill Mountain Fire Protection Dep. 7',61),
(5, 'Cullahill Mountain Fire Protection Dep. 7',62),
(5, 'Cullahill Mountain Fire Protection Dep. 7',63),
(5, 'Cullahill Mountain Fire Protection Dep. 7',64),
(5, 'Cullahill Mountain Fire Protection Dep. 7',65),
(5, 'Cullahill Mountain Fire Protection Dep. 7',66),
(5, 'Cullahill Mountain Fire Protection Dep. 7',67),
(5, 'Cullahill Mountain Fire Protection Dep. 7',68),
(5, 'Cullahill Mountain Fire Protection Dep. 7',69),
(5, 'Cullahill Mountain Fire Protection Dep. 7',70),
(5, 'Cullahill Mountain Fire Protection Dep. 7',71),
(5, 'Cullahill Mountain Fire Protection Dep. 7',72),
(5, 'Cullahill Mountain Fire Protection Dep. 7',73),
(5, 'Cullahill Mountain Fire Protection Dep. 7',74),
(5, 'Cullahill Mountain Fire Protection Dep. 7',75),
(5, 'Cullahill Mountain Fire Protection Dep. 7',76),
(5, 'Cullahill Mountain Fire Protection Dep. 7',77),
(5, 'Cullahill Mountain Fire Protection Dep. 7',78),
(5, 'Cullahill Mountain Fire Protection Dep. 7',79),
(5, 'Cullahill Mountain Fire Protection Dep. 7',80),
(5, 'Cullahill Mountain Fire Protection Dep. 7',81),
(5, 'Cullahill Mountain Fire Protection Dep. 7',82),
(5, 'Cullahill Mountain Fire Protection Dep. 7',83),
(5, 'Cullahill Mountain Fire Protection Dep. 7',84),
(5, 'Cullahill Mountain Fire Protection Dep. 7',85),
(5, 'Cullahill Mountain Fire Protection Dep. 7',86),
(5, 'Cullahill Mountain Fire Protection Dep. 7',87),
(5, 'Cullahill Mountain Fire Protection Dep. 7',88),
(5, 'Cullahill Mountain Fire Protection Dep. 7',89),
(5, 'Cullahill Mountain Fire Protection Dep. 7',90),
(5, 'Cullahill Mountain Fire Protection Dep. 7',91),
(5, 'Cullahill Mountain Fire Protection Dep. 7',92),
(5, 'Cullahill Mountain Fire Protection Dep. 7',93),
(5, 'Cullahill Mountain Fire Protection Dep. 7',94),
(5, 'Cullahill Mountain Fire Protection Dep. 7',95),
(5, 'Cullahill Mountain Fire Protection Dep. 7',96),
(5, 'Cullahill Mountain Fire Protection Dep. 7',97),
(5, 'Cullahill Mountain Fire Protection Dep. 7',98),
(5, 'Cullahill Mountain Fire Protection Dep. 7',99),
(5, 'Cullahill Mountain Fire Protection Dep. 7',100);

